id,Причина дубля,Ноябрь 2022,Декабрь 2022,Январь 2023,Февраль 2023,Март 2023,Апрель 2023,Май 2023,Июнь 2023,Июль 2023,Август 2023,Сентябрь 2023,Октябрь 2023,Ноябрь 2023,Декабрь 2023,Январь 2024,Февраль 2024,Account
42,,36220.0,,,,,,,,,,,,,,,,Васильев Артем Александрович
657,первая часть оплаты,,,,,,,,,,,,,,,,,Васильев Артем Александрович
657,вторая часть оплаты,,,,,,,,,,,,,,,,,Васильев Артем Александрович
594,,,,,,,,,,,,,,,,,,Васильев Артем Александрович
665,,10000.0,,,,,,,,,,,,,,,,Васильев Артем Александрович
637,,38045.0,,,,,,,,,,,,,,,,Соколова Анастасия Викторовна
419,,,,,,,,,,,,,,,,,,Михайлов Андрей Сергеевич
578,,82800.0,,,,,,,,,,,,,,,,Попова Екатерина Николаевна
579,,,,,,,,,,,,,,,,,,Васильев Артем Александрович
592,первая часть оплаты,92302.0,,,,,,,,,,,,,,,,Васильев Артем Александрович
592,вторая часть оплаты,12340.0,,,,,,,,,,,,,,,,Васильев Артем Александрович
666,,110000.0,,,,,,,,,,,,,,,,Васильев Артем Александрович
620,,,,,,,,,,,,,,,,,,Васильев Артем Александрович
704,первая часть оплаты,35365.0,,,,,,,,,,,,,,,,Михайлов Андрей Сергеевич
704,вторая часть оплаты,945.0,,,,,,,,,,,,,,,,Михайлов Андрей Сергеевич
704,вторая часть оплаты,4715.0,,,,,,,,,,,,,,,,Михайлов Андрей Сергеевич
16,,,,,,,,,,,,,,,,,,Иванова Мария Сергеевна
379,,55195.0,55195.0,,,,,,,,,,,,,,,Иванова Мария Сергеевна
31,,55100.0,55100.0,,44775.0,44775.0,44775.0,44775.0,44775.0,44775.0,44775.0,44775.0,44775.0,44775.0,44775.0,44775.0,46200.0,Васильев Артем Александрович
572,изменение ЮЛ,56200.0,,,,,,,,,,,,,,,,Васильев Артем Александрович
573,изменение ЮЛ,69210.0,,,,,,,,,,,,,,,,Васильев Артем Александрович
574,изменение ЮЛ,46755.0,,,,,,,,,,,,,,,,Васильев Артем Александрович
575,изменение ЮЛ,25020.0,,,,,,,,,,,,,,,,Васильев Артем Александрович
576,изменение ЮЛ,36365.0,,,,,,,,,,,,,,,,Васильев Артем Александрович
328,,116473.5,110700.0,,,,,,,,,,,,,,,Иванова Мария Сергеевна
716,первая часть оплаты,18640.0,18710.0,,,,,,,,,,,,,,,Соколова Анастасия Викторовна
716,вторая часть оплаты,3165.0,2110.0,,,,,,,,,,,,,,,Соколова Анастасия Викторовна
613,первая часть оплаты,,,,,,,,,,,,,,,,,Васильев Артем Александрович
615,первая часть оплаты,,,,,,,,,,,,,,,,,Васильев Артем Александрович
617,первая часть оплаты,,,,,,,,,,,,,,,,,Васильев Артем Александрович
643,первая часть оплаты,,,,,,,,,,,,,,,,,Васильев Артем Александрович
318,,17950.0,20590.0,,,,,,,,,,,,,,,Попова Екатерина Николаевна
603,,,,,,,,,,,,,,,,,,Михайлов Андрей Сергеевич
461,первая часть оплаты,103230.0,103230.0,,,,,,,,,,,,,,,Иванова Мария Сергеевна
461,вторая часть оплаты,27720.0,27180.0,,,,,,,,,,,,,,,Иванова Мария Сергеевна
717,,,34100.0,,,,,,,,,,,,,,,Попова Екатерина Николаевна
418,,160420.0,,,,,,,,,,,,,,,,Михайлов Андрей Сергеевич
456,,91240.0,,,,,,,,,,,,,,,,Михайлов Андрей Сергеевич
457,,104675.0,,,,,,,,,,,,,,,,Михайлов Андрей Сергеевич
454,,88540.0,92140.0,,,,,,,,,,,,,,,Михайлов Андрей Сергеевич
455,,55000.0,55000.0,,,,,,,,,,,,,,,Михайлов Андрей Сергеевич
693,изменение ЮЛ,81085.0,82435.0,,,,,,,,,,,,,,,Попова Екатерина Николаевна
654,,150685.21,231057.76,,,,,,,,,,,,,,,Соколова Анастасия Викторовна
475,,100485.0,100485.0,,,,,,,,,,,,,,,Соколова Анастасия Викторовна
193,первая часть оплаты,164000.0,190280.0,,,,,,,,,,,,,,,Иванова Мария Сергеевна
390,,221830.0,220830.0,,,,,,,,,,,,,,,Иванова Мария Сергеевна
477,,7000.0,,,,,,,,,,,,,,,,Иванова Мария Сергеевна
478,,76760.0,90935.0,,,,,,,,,,,,,,,Иванова Мария Сергеевна
535,первая часть оплаты,44570.0,44570.0,,,,,,,,,,,,,,,Иванова Мария Сергеевна
535,вторая часть оплаты,29685.0,65020.0,,,,,,,,,,,,,,,Иванова Мария Сергеевна
709,,13885.0,20450.0,,,,,,,,,,,,,,,Иванова Мария Сергеевна
581,первая часть оплаты,66280.0,66280.0,,,,,,,,,,,,,,,Иванова Мария Сергеевна
581,вторая часть оплаты,85000.0,85000.0,,,,,,,,,,,,,,,Иванова Мария Сергеевна
623,,152155.0,149765.0,,,,,,,,,,,,,,,Иванова Мария Сергеевна
705,первая часть оплаты,33960.0,31965.0,,,,,,,,,,,,,,,Смирнова Ольга Владимировна
705,вторая часть оплаты,,2110.0,,,,,,,,,,,,,,,Смирнова Ольга Владимировна
705,вторая часть оплаты,,4220.0,,,,,,,,,,,,,,,Смирнова Ольга Владимировна
720,первая часть оплаты,,29127.5,,,,,,,,,,,,,,,Васильев Артем Александрович
720,вторая часть оплаты,,29127.5,,,,,,,,,,,,,,,Васильев Артем Александрович
242,,96400.0,88850.0,83880.0,90965.0,86975.0,84160.0,75900.0,95105.0,,,,,,,,,Соколова Анастасия Викторовна
596,,41565.0,29960.0,,,,,,,,,,,,,,,Васильев Артем Александрович
266,,45950.0,45950.0,,46995.0,46995.0,46995.0,46995.0,46995.0,46995.0,46995.0,46995.0,46995.0,46995.0,46995.0,46995.0,,Соколова Анастасия Викторовна
498,,70650.0,74650.0,,,,,,,,,,,,,,,Васильев Артем Александрович
524,,252293.75,296130.71,243591.67,,,,,,,,,,,,,,Иванова Мария Сергеевна
626,,,,,,,,,,,,,,,,,,Васильев Артем Александрович
684,,,,,,,,,,,,,,,,,,Васильев Артем Александрович
548,,674000.0,674000.0,674000.0,674000.0,,,,,,,,,,,,,Михайлов Андрей Сергеевич
493,первая часть оплаты,36950.0,36950.0,36950.0,,55225.0,55225.0,55225.0,55225.0,55225.0,55225.0,55225.0,55225.0,55225.0,55225.0,55225.0,55225.0,Смирнова Ольга Владимировна
493,вторая часть оплаты,10200.0,11900.0,11050.0,,,,,,,,,,,,,,Смирнова Ольга Владимировна
674,первая часть оплаты,89020.0,95035.0,100355.0,,,,,,,,,,,,,,Попова Екатерина Николаевна
674,вторая часть оплаты,17351.0,26034.0,27422.0,,,,,,,,,,,,,,Попова Екатерина Николаевна
624,первая часть оплаты,18000.0,18000.0,,,,,,,,,,,,,,,Попова Екатерина Николаевна
624,вторая часть оплаты,16880.0,21100.0,30400.0,,,,,,,,,,,,,,Попова Екатерина Николаевна
721,первая часть оплаты,,21000.0,21000.0,,,,,,,,,,,,,,Попова Екатерина Николаевна
721,вторая часть оплаты,,10500.0,14700.0,,,,,,,,,,,,,,Попова Екатерина Николаевна
509,первая часть оплаты,59600.0,59600.0,59600.0,39600.0,39600.0,39600.0,39600.0,39600.0,39600.0,39600.0,39600.0,39600.0,39600.0,39600.0,39600.0,40100.0,Соколова Анастасия Викторовна
509,вторая часть оплаты,65450.0,50150.0,34000.0,97555.0,54595.0,53700.0,50120.0,8055.0,53700.0,53700.0,25060.0,53700.0,56385.0,75180.0,8950.0,56385.0,Соколова Анастасия Викторовна
509,доп работы,67485.0,67485.0,67485.0,,,,,,,,,,,,,,Соколова Анастасия Викторовна
687,,99783.0,99958.5,99958.5,,,,,,,,,,,,,,Соколова Анастасия Викторовна
230,первая часть оплаты,40745.0,40745.0,,,,,,,,,,,,,,,Соколова Анастасия Викторовна
230,вторая часть оплаты,17325.0,21480.0,,,,,,,,,,,,,,,Соколова Анастасия Викторовна
703,,,72900.0,60900.0,,,,,,,,,,,,,,Васильев Артем Александрович
529,изменение ЮЛ,75310.0,71060.0,71060.0,76500.0,,,,,,,,,,,,,Васильев Артем Александрович
453,,,39245.0,44320.0,177635.0,,,,,,,,,,,,,Васильев Артем Александрович
429,,30280.0,35580.0,35830.0,42830.0,,,,,,,,,,,,,Соколова Анастасия Викторовна
381,,,,,,,,,,,,,,,,,,Иванова Мария Сергеевна
556,,34225.0,,,,,,,,,,,,,,,,Иванова Мария Сергеевна
640,первая часть оплаты,65820.0,65820.0,71735.0,71735.0,,,,,,,,,,,,,Попова Екатерина Николаевна
640,вторая часть оплаты,4220.0,3165.0,3165.0,6330.0,,,,,,,,,,,,,Попова Екатерина Николаевна
101,,43800.0,43800.0,43800.0,,,,,,,,,,,,,,Попова Екатерина Николаевна
653,,68285.0,70445.0,70445.0,70445.0,,,,,,,,,,,,,Васильев Артем Александрович
174,,127200.0,127200.0,127200.0,127200.0,,,,,,,,,,,,,Иванова Мария Сергеевна
714,,,,,,,,,,,,,,,,,,Попова Екатерина Николаевна
649,первая часть оплаты,,83050.0,96750.0,,,,,,,,,,,,,,Соколова Анастасия Викторовна
649,вторая часть оплаты,,27820.0,26555.0,,,,,,,,,,,,,,Соколова Анастасия Викторовна
649,вторая часть оплаты,,,2745.0,,,,,,,,,,,,,,Соколова Анастасия Викторовна
671,первая часть оплаты,28000.0,37000.0,37000.0,,,,,,,,,,,,,,Соколова Анастасия Викторовна
671,вторая часть оплаты,,68805.0,67835.0,,,,,,,,,,,,,,Соколова Анастасия Викторовна
671,вторая часть оплаты,,,3395.0,,,,,,,,,,,,,,Соколова Анастасия Викторовна
732,первая часть оплаты,,,,,,,153212.5,,,,,,,,,,Кузнецов Михаил Иванович
732,вторая часть оплаты,,,,,,,153212.5,,,,,,,,,,Кузнецов Михаил Иванович
530,изменение ЮЛ,44030.0,48280.0,44030.0,44030.0,48280.0,,,,,,,,,,,,Васильев Артем Александрович
549,,47234.0,53608.5,47234.0,46958.5,53884.0,,,,,,,,,,,,Васильев Артем Александрович
686,,108866.5,42297.0,77784.5,48173.5,86496.5,,,,,,,,,,,,Васильев Артем Александрович
56,,,,24615.0,25672.5,25672.5,,,,,,,,,,41409.0,40869.0,Васильев Артем Александрович
692,изменение ЮЛ,47540.0,48410.0,52180.0,45800.0,46380.0,,,,,,,,,,,,Попова Екатерина Николаевна
647,первая часть оплаты,153424.0,180056.0,68919.68,84605.0,85135.0,,,,,,,,,,,,Попова Екатерина Николаевна
683,первая часть оплаты,41060.0,41020.0,42920.0,41555.0,42920.0,,,,,,,,,,,,Соколова Анастасия Викторовна
683,вторая часть оплаты,4800.0,6220.0,5820.0,4110.0,6875.0,,,,,,,,,,,,Соколова Анастасия Викторовна
506,первая часть оплаты,,,,,,,,,,,,,,,,227242.0,Иванова Мария Сергеевна
506,вторая часть оплаты,227365.0,245595.0,263745.0,297695.0,257700.0,,,,,,,,,,,41300.0,Иванова Мария Сергеевна
540,,202150.0,206440.0,220310.0,221040.0,221040.0,,,,,,,,,,,,Иванова Мария Сергеевна
646,,,,4585.0,1425.0,1425.0,,,,,,,,,,,,Кузнецов Михаил Иванович
697,основные работы,,71000.0,,121500.0,44250.0,,,,,,,,,,,,Васильев Артем Александрович
697,доп работы,,,,,75000.0,,,,,,,,,,,,Васильев Артем Александрович
799,,,,,,69450.0,,,,,,,,,,,,Попова Екатерина Николаевна
800,,,,,,60930.0,,,,,,,,,,,,Попова Екатерина Николаевна
675,первая часть оплаты,90975.0,91545.0,91545.0,103655.0,111295.0,113735.0,,,,,,,,,,,Попова Екатерина Николаевна
675,вторая часть оплаты,,,9475.0,,,,,,,,,,,,,,Попова Екатерина Николаевна
675,вторая часть оплаты,6215.0,10435.0,6330.0,10435.0,7905.0,18125.0,,,,,,,,,,,Попова Екатерина Николаевна
663,первая часть оплаты,122305.0,116850.0,121500.0,39187.5,,,,,,,,,,,,,Васильев Артем Александрович
663,вторая часть оплаты,52425.13,52948.08,54291.08,18572.5,,,,,,,,,,,,,Васильев Артем Александрович
788,,,,,,43885.0,,,,,,,,,,,,Соколова Анастасия Викторовна
728,первая часть оплаты,,780000.0,,,,,,,,,,,,,,,Попова Екатерина Николаевна
667,,,,40620.0,48715.0,49610.0,49850.0,,,,,,,,,,,Васильев Артем Александрович
825,,,,,,,205000.0,,,,,,,,,,,Соколова Анастасия Викторовна
838,,,,,,,550000.0,,,,,,,,,,,Васильев Артем Александрович
765,первая часть оплаты,,,,62230.0,,,60470.0,,,,,,,,,,Смирнова Ольга Владимировна
765,вторая часть оплаты,,,,5915.0,,,4225.0,,,,,,,,,,Смирнова Ольга Владимировна
294,основные работы,66833.0,70819.7,68879.7,68879.7,68879.7,68879.7,69699.35,,69385.0,74075.0,76185.0,74075.0,76185.0,78950.0,81060.0,81060.0,Смирнова Ольга Владимировна
814,первая часть оплаты,,,,,85697.5,72542.5,63660.0,,,,,,,,,,Васильев Артем Александрович
814,вторая часть оплаты,,,,,36707.5,24267.5,32255.0,,,,,,,,,,Васильев Артем Александрович
814,доп работы,,,,,53288.07,45603.0,36771.0,,,,,,,,,,Васильев Артем Александрович
796,,,,,,43610.0,39810.0,39810.0,,,,,,,,,,Попова Екатерина Николаевна
853,,,,,,,,,,,,,,,,,,Васильев Артем Александрович
563,,,62930.0,,,,,65050.0,,,,,,,,,,Иванова Мария Сергеевна
837,основные работы,,,,,,83500.0,80000.0,,,,,,,,,,Васильев Артем Александрович
837,доп работы,,,,,,9150.0,18000.0,,,,,,,,,,Васильев Артем Александрович
775,первая часть оплаты,,,64070.0,88905.0,78475.0,69345.0,54715.0,,,,,,,,,,Иванова Мария Сергеевна
775,вторая часть оплаты,,,,,,,16030.0,,,,,,,,,,Иванова Мария Сергеевна
813,первая часть оплаты,,,,,37865.0,23590.0,23590.0,,,,,,,,,,Иванова Мария Сергеевна
842,,,,,,,7700.0,87570.0,,,,,,,,,,Иванова Мария Сергеевна
843,,,,,,,7700.0,20890.0,,,,,,,,,,Иванова Мария Сергеевна
844,,,,,,,7700.0,19045.0,,,,,,,,,,Иванова Мария Сергеевна
845,,,,,,,7700.0,19940.0,,,,,,,,,,Иванова Мария Сергеевна
301,основные работы,55220.0,40830.0,40830.0,49515.0,31700.0,33100.0,37100.0,,,,,,,,,,Попова Екатерина Николаевна
301,доп работы,,,,,,49225.0,,,,,,,,,,,Попова Екатерина Николаевна
855,,,,,,,,12175.0,,,,,,,,,,Соколова Анастасия Викторовна
583,основные работы,92505.0,107275.0,76450.0,74425.0,80800.0,81460.0,62405.0,,,,,,,,,,Соколова Анастасия Викторовна
585,основные работы,,,,,105793.24,103631.57,103860.56,,,,,,,,,,Михайлов Андрей Сергеевич
585,доп работы,,,,,107365.8,92859.43,93064.62,,,,,,,,,,Михайлов Андрей Сергеевич
15,первая часть оплаты,329460.0,329460.0,102433.75,102433.75,102433.75,138158.0,138158.0,102433.75,,,,,,,,,Иванова Мария Сергеевна
15,вторая часть оплаты,109820.0,109820.0,,,,,,,,,,,,,,,Иванова Мария Сергеевна
711,,,,,,,,,,,,,,,,,,Васильев Артем Александрович
832,основные работы,,,,,,60072.1,61187.6,91257.6,,,,,,,,,Васильев Артем Александрович
55,,,,,,43173.0,41364.0,44257.5,45868.5,,,,,,,,,Иванова Мария Сергеевна
441,вторая часть оплаты,94000.0,83400.0,79820.0,87680.0,82100.0,84100.0,84100.0,74360.0,,,,,,,,,Васильев Артем Александрович
847,основные работы,,,,,,192000.0,180000.0,180000.0,,,,,,,,,Попова Екатерина Николаевна
847,доп работы,,,,,,119500.0,79925.0,30195.0,,,,,,,,,Попова Екатерина Николаевна
87,основные работы,70050.0,,73380.0,83480.0,89300.0,89300.0,78605.0,72485.0,,,,,,,,,Иванова Мария Сергеевна
600,первая часть оплаты,237977.0,144650.0,144650.0,144650.0,118300.0,186395.0,168820.0,185370.0,,,,,,,,,Васильев Артем Александрович
600,вторая часть оплаты,43440.0,30450.0,122570.0,114283.0,106037.0,46410.0,44379.0,72430.0,,,,,,,,,Васильев Артем Александрович
787,первая часть оплаты,,,,,,,15400.0,15400.0,,,,,,,,,Васильев Артем Александрович
787,вторая часть оплаты,,,,,,,106400.0,53200.0,,,,,,,,,Васильев Артем Александрович
858,,,,,,,,,,,,,,,,,,Смирнова Ольга Владимировна
857,,,,,,,,300030.0,321280.0,,,,,,,,,Соколова Анастасия Викторовна
869,,,,,,,,63520.0,79180.0,94820.0,,,,,,,,Михайлов Андрей Сергеевич
807,,,,,,64420.0,66300.0,66300.0,66300.0,,,,,,,,,Попова Екатерина Николаевна
884,,,,,,,,,50000.0,,,,,,,,,Иванова Мария Сергеевна
691,основные работы,73735.0,52435.0,60135.0,56125.0,55760.0,52435.0,60135.0,56125.0,,,,,,,,,Соколова Анастасия Викторовна
691,доп работы,4220.0,4220.0,4220.0,4220.0,4220.0,4220.0,4220.0,2110.0,,,,,,,,,Соколова Анастасия Викторовна
806,основные работы,,,,,47500.0,41500.0,41500.0,41500.0,41500.0,,,,,,,,Соколова Анастасия Викторовна
806,доп работы,,,,,23450.0,23450.0,30025.0,30025.0,,,,,,,,,Соколова Анастасия Викторовна
740,первая часть оплаты,,,270325.0,35325.0,35325.0,27950.0,24470.0,,,,,,,,,,Соколова Анастасия Викторовна
740,вторая часть оплаты,,,1520.0,15360.0,8000.0,20500.0,,,,,,,,,,,Соколова Анастасия Викторовна
871,,,,,,,,25000.0,,,,,,,,,,Попова Екатерина Николаевна
495,,,,,,37363.5,38632.5,,38632.5,38632.5,,,,,,,,Иванова Мария Сергеевна
553,первая часть оплаты,,,,,,,,95062.5,123417.0,,,,,,,,Иванова Мария Сергеевна
553,вторая часть оплаты,,,,,,,,,23015.45,33307.63,,,,,,,Иванова Мария Сергеевна
346,первая часть оплаты,,,60021.0,60021.0,60823.75,60823.75,60823.75,60823.75,60823.75,60206.25,60206.25,60206.25,60206.25,60206.25,60206.25,,Иванова Мария Сергеевна
346,вторая часть оплаты,,,,,,,,,,,,,,,,,Иванова Мария Сергеевна
586,,52240.0,,,39660.0,43240.0,44880.0,41005.0,32940.0,77330.0,,,,,,,,Попова Екатерина Николаевна
830,,,,,,,50475.0,44495.0,44495.0,,,,,,,,,Иванова Мария Сергеевна
727,,,39120.0,73580.0,74930.0,72295.0,74810.0,72965.0,79210.0,52970.0,53920.0,52970.0,53920.0,54395.0,54395.0,54395.0,54395.0,Попова Екатерина Николаевна
211,основные работы,,,,171046.75,,,54111.0,75000.0,,,,,,,,,Васильев Артем Александрович
211,доп работы,,,,,,,,,180000.0,135000.0,238500.0,186750.0,186750.0,186750.0,186750.0,186750.0,Васильев Артем Александрович
823,первая часть оплаты,,,,,,49525.0,43275.0,29225.0,44225.0,,,,,,,,Попова Екатерина Николаевна
823,вторая часть оплаты,,,,,,,,15000.0,,,,,,,,,Попова Екатерина Николаевна
786,основные работы,,,,191000.0,21000.0,118000.0,118000.0,118000.0,118000.0,,,,,,,,Васильев Артем Александрович
786,доп работы,,,,,,,167500.0,121500.0,49000.0,,,,,,,,Васильев Артем Александрович
786,доп работы,,,,,,,,,72500.0,,,,,,,,Васильев Артем Александрович
891,,,,,,,,,,126447.63,,,,,,,,Соколова Анастасия Викторовна
904,первая часть оплаты,,,,,,,,,11995.0,,,,,,,,Соколова Анастасия Викторовна
904,вторая часть оплаты,,,,,,,,,1199.5,,,,,,,,Соколова Анастасия Викторовна
901,,,,,,,,,,35000.0,,,,,,,,Васильев Артем Александрович
907,,,,,,,,,,,,,,,,,,без А/М
897,первая часть оплаты,,,,,,,,,110000.0,,,,,,,,Смирнова Ольга Владимировна
580,,,,,,42937.1,50640.35,57901.14,,64219.76,,,,,,,,Соколова Анастасия Викторовна
719,первая часть оплаты,,602370.0,,,,52565.0,54355.0,53510.0,64355.0,58355.0,,,,,,,Васильев Артем Александрович
719,вторая часть оплаты,,,,,,1022.55,,1590.0,,,,,,,,,Васильев Артем Александрович
848,первая часть оплаты,,,,,,,62920.0,60960.0,64390.0,69065.0,97690.0,95435.0,99075.0,100765.0,,,Смирнова Ольга Владимировна
848,вторая часть оплаты,,,,,,,,,,,1000.0,1000.0,,,,,Смирнова Ольга Владимировна
337,,,,,,,60450.0,47410.0,44165.0,30800.0,56975.0,,,,,,,Попова Екатерина Николаевна
180,основные работы,99500.0,97550.0,70950.0,,,,,,,,,,,,,,Попова Екатерина Николаевна
180,первая часть оплаты,,,,139625.0,139625.0,139625.0,139625.0,139625.0,139625.0,139625.0,,163359.0,163359.0,163359.0,163359.0,,Попова Екатерина Николаевна
180,вторая часть оплаты,,,,43255.0,23210.0,51695.0,59080.0,55915.0,30595.0,52750.0,,,,,,,Попова Екатерина Николаевна
854,,,,,,,,,38120.0,57318.46,67331.37,,,,,,,Соколова Анастасия Викторовна
803,первая часть оплаты,,,,,,,86401.0,85351.0,85351.0,85351.0,,,,,,,Смирнова Ольга Владимировна
803,вторая часть оплаты,,,,,,,37029.0,36579.0,36579.0,36579.0,,,,,,,Смирнова Ольга Владимировна
648,первая часть оплаты,22887.5,22887.5,22887.5,,22887.5,22887.5,,22887.5,22887.5,22887.5,,,,,,,Соколова Анастасия Викторовна
648,вторая часть оплаты,22887.5,22887.5,22887.5,,22887.5,22887.5,,22887.5,22887.5,22887.5,,,,,,,Соколова Анастасия Викторовна
268,,79235.0,79235.0,83810.0,122845.0,128145.0,135530.0,133420.0,140005.0,150160.0,137500.0,141435.0,125645.0,128810.0,130920.0,125645.0,125645.0,Смирнова Ольга Владимировна
274,основные работы,170268.0,170268.0,170268.0,170268.0,170268.0,201870.0,201870.0,201870.0,183630.0,183630.0,,,,,,,Соколова Анастасия Викторовна
274,доп работы,,,,,,,,,79200.0,,,,,,,,Соколова Анастасия Викторовна
781,изменение ЮЛ,,,104319.0,60660.0,359157.0,241780.0,321769.75,337482.75,288638.5,333853.75,,,,,,,Михайлов Андрей Сергеевич
916,первая часть оплаты,,,,,,,,,,763110.0,,,,,,,Васильев Артем Александрович
923,,,,,,,,,,36640.0,32750.0,,,,,,,Соколова Анастасия Викторовна
633,,40200.0,40200.0,40200.0,40200.0,,40200.0,40200.0,166465.0,166500.0,166500.0,,,,,,,Васильев Артем Александрович
713,первая часть оплаты,,,73610.0,64625.0,51805.0,65520.0,65315.0,65265.0,65265.0,,,,,,,,Иванова Мария Сергеевна
713,вторая часть оплаты,,,,,11765.0,,,,,,,,,,,,Иванова Мария Сергеевна
829,первая часть оплаты,,,,,,,,,13400.0,13400.0,,,,,,,Попова Екатерина Николаевна
829,вторая часть оплаты,,,,,,,,,25500.0,,,,,,,,Попова Екатерина Николаевна
846,основные работы,,,,,,,95795.0,74795.0,74795.0,74795.0,74795.0,74795.0,74795.0,74795.0,74795.0,74795.0,Иванова Мария Сергеевна
348,,14860.0,14860.0,14860.0,14860.0,,17740.0,16685.0,16685.0,16685.0,16685.0,16685.0,,21400.0,20000.0,20000.0,20000.0,Попова Екатерина Николаевна
492,,40390.0,57615.0,61925.0,62615.0,59390.0,56235.0,62770.0,65925.0,61925.0,65840.0,68685.0,,,,,,Смирнова Ольга Владимировна
819,,,,,,,59590.0,86350.0,86350.0,99010.0,94790.0,99010.0,,,,,,Соколова Анастасия Викторовна
726,основные работы,,41555.0,33155.0,34215.0,35110.0,38390.0,38390.0,38390.0,38390.0,38390.0,38390.0,34565.0,36675.0,38365.0,38365.0,41320.0,Попова Екатерина Николаевна
726,доп работы,,18795.0,3580.0,12465.0,23270.0,7160.0,54595.0,54915.0,22535.0,13905.0,8375.0,11635.0,,10740.0,8950.0,2685.0,Попова Екатерина Николаевна
792,первая часть оплаты,,,,1400.0,1400.0,1400.0,1400.0,1400.0,89850.0,94050.0,94050.0,,,,,,Васильев Артем Александрович
792,вторая часть оплаты,,,,,,,,,4200.0,,,,,,,,Васильев Артем Александрович
792,вторая часть оплаты,,,,3165.0,5275.0,3165.0,3165.0,,,,,,,,,,Васильев Артем Александрович
898,первая часть оплаты,,,,,,,,95820.0,19400.0,,,,,,,,Смирнова Ольга Владимировна
898,вторая часть оплаты,,,,,,,,29704.26,,,,,,,,,Смирнова Ольга Владимировна
86,первая часть оплаты,,,,,,,,44734.5,43362.0,48541.5,54414.0,,,,,,Попова Екатерина Николаевна
86,вторая часть оплаты,,,,,,,,,1705.32,927.66,1404.26,,,,,,Попова Екатерина Николаевна
676,первая часть оплаты,388195.0,388195.0,547400.0,547400.0,539295.25,539295.25,539295.25,539295.25,539295.25,539295.25,539295.25,773663.75,776195.25,776195.25,776195.25,771132.25,Смирнова Ольга Владимировна
676,вторая часть оплаты,14280.0,124916.0,,,33464.5,55683.5,10157.5,,5975.5,58246.25,16728.0,,,,,,Смирнова Ольга Владимировна
876,,,,,,,,,,48245.0,42145.0,34090.0,,,,,,Васильев Артем Александрович
877,первая часть оплаты,,,,,,,,,47925.0,33250.0,33725.0,,,,,,Васильев Артем Александрович
878,,,,,,,,,,50285.0,39180.0,33200.0,,,,,,Васильев Артем Александрович
668,первая часть оплаты,27950.0,30225.0,30225.0,30225.0,30225.0,30225.0,30225.0,30225.0,30225.0,34875.0,53625.0,53625.0,53625.0,53625.0,53625.0,53625.0,Попова Екатерина Николаевна
668,вторая часть оплаты,24401.0,84490.25,79787.5,68172.0,70716.75,67463.0,76278.0,79066.0,81477.5,73912.5,70875.0,70875.0,70875.0,70875.0,70875.0,70875.0,Попова Екатерина Николаевна
821,первая часть оплаты,,,,,101230.0,101230.0,101230.0,101230.0,101230.0,101230.0,101230.0,107821.2,106491.2,106491.2,106491.2,106491.2,Попова Екатерина Николаевна
821,вторая часть оплаты,,,,,9150.0,9150.0,9150.0,9150.0,9150.0,9150.0,9150.0,,,,,,Попова Екатерина Николаевна
921,,,,,,,,,49035.0,49940.0,,,,,,,,Смирнова Ольга Владимировна
920,первая часть оплаты,,,,,,,,,19678.25,15678.25,15678.25,,,,,,Соколова Анастасия Викторовна
920,вторая часть оплаты,,,,,,,,,915.0,610.0,,,,,,,Соколова Анастасия Викторовна
361,первая часть оплаты,148390.0,148390.0,139440.0,119390.0,117890.0,117890.0,117890.0,117890.0,117890.0,117890.0,117890.0,134690.0,134690.0,134690.0,,,Попова Екатерина Николаевна
361,вторая часть оплаты,6525.0,18765.0,16110.0,9270.0,3525.0,18600.0,35200.0,14075.0,8940.0,15460.0,16095.0,13350.0,8800.0,27585.0,,,Попова Екатерина Николаевна
912,,,,,,,,,,,100955.0,70025.0,,,,,,Смирнова Ольга Владимировна
872,основные работы,,,,,,,,17600.0,39495.0,39495.0,39495.0,36515.0,36515.0,44570.0,37570.0,37570.0,Попова Екатерина Николаевна
872,доп работы,,,,,,,,,,,,,,,,,Попова Екатерина Николаевна
969,,,,,,,,,,,,40225.0,,,,,,Попова Екатерина Николаевна
789,,,,,,44100.0,58240.0,,7280.0,28000.0,8400.0,15120.0,,,,,,Васильев Артем Александрович
771,основные работы,,,,107124.0,102032.0,102032.0,104768.0,104768.0,104768.0,108416.0,108416.0,114800.0,114800.0,121184.0,121184.0,75856.0,Смирнова Ольга Владимировна
771,доп работы,,,,,,,,,,,10000.0,,,,,,Смирнова Ольга Владимировна
859,,,,,,,,57601.2,67012.8,78108.0,115101.2,,,,,,,Смирнова Ольга Владимировна
960,,,,,,,,,,,,35000.0,,,,,,Соколова Анастасия Викторовна
865,,,,,,,,,53398.4,21675.0,36883.54,39561.45,,,,,,Смирнова Ольга Владимировна
874,,,,,,,,,307800.0,205190.0,153884.1,142458.97,,,,,,Соколова Анастасия Викторовна
946,основные работы,,,,,,,,,,64400.0,64400.0,64400.0,64400.0,64400.0,,,Попова Екатерина Николаевна
946,доп работы,,,,,,,,,,,,,,,,,Попова Екатерина Николаевна
831,основные работы,,,,,,51030.0,51000.0,48600.0,48600.0,13550.0,,,,,,,Иванова Мария Сергеевна
831,доп работы,,,,,,,,8055.0,3580.0,1790.0,,,,,,,Иванова Мария Сергеевна
782,изменение ЮЛ,,,207030.0,219805.0,,,,,,,316620.75,,,,,,Михайлов Андрей Сергеевич
933,,,,,,,,,,,18635.0,20440.0,,,,,,Михайлов Андрей Сергеевич
83,,,,100166.4,96881.1,101759.7,97543.8,101007.7,,79021.1,79021.1,79021.1,,,,,,Смирнова Ольга Владимировна
460,,,,49765.0,50660.0,49605.0,50660.0,49605.0,,45860.0,46660.0,44550.0,,,,,,Смирнова Ольга Владимировна
963,,,,,,,,,,,,,,,,,,Васильев Артем Александрович
841,первая часть оплаты,,,,,80200.0,80200.0,80675.0,80675.0,80675.0,80675.0,80675.0,80675.0,87880.0,87880.0,88100.0,88100.0,Кузнецов Михаил Иванович
841,вторая часть оплаты,,,,,7718.97,7119.0,12255.0,9711.49,7536.79,,2165.1,4851.47,,13943.39,5287.23,9201.06,Кузнецов Михаил Иванович
822,первая часть оплаты,,,,,,,50085.0,38013.75,49263.75,38227.5,38013.75,49263.75,,43770.0,43770.0,43770.0,Васильев Артем Александрович
822,вторая часть оплаты,,,,,,,50085.0,38013.75,49263.75,38227.5,38013.75,49263.75,,43770.0,43770.0,43770.0,Васильев Артем Александрович
935,,,,,,,,,,,,,190000.0,,,,,Соколова Анастасия Викторовна
768,,,,33685.0,33685.0,33685.0,33685.0,33685.0,33685.0,,52315.0,52315.0,23540.0,,,,,Смирнова Ольга Владимировна
931,,,,,,,,,,,28145.0,25270.0,17775.0,,,,,Смирнова Ольга Владимировна
707,,47480.0,57950.0,65780.0,61310.0,65700.0,64660.0,61230.0,65270.0,63690.0,65680.0,65620.0,65700.0,69190.0,70230.0,71710.0,135860.0,Соколова Анастасия Викторовна
852,первая часть оплаты,,,,,,,125475.0,53580.0,102450.0,,,,,,,,Васильев Артем Александрович
852,вторая часть оплаты,,,,,,,,,,,,,,,,,Васильев Артем Александрович
972,первая часть оплаты,,,,,,,,,,,,,,,,,Васильев Артем Александрович
943,первая часть оплаты,,,,,,,,,,,47800.0,,,,,46000.0,Смирнова Ольга Владимировна
943,вторая часть оплаты,,,,,,,,,,,,,,,,,Смирнова Ольга Владимировна
929,первая часть оплаты,,,,,,,,,,68850.0,,68650.0,,,,,Васильев Артем Александрович
929,вторая часть оплаты,,,,,,,,,,13370.0,,13370.0,,,,,Васильев Артем Александрович
978,,,,,,,,,,,,,125000.0,50640.0,,,,Михайлов Андрей Сергеевич
793,основные работы,,,,,31850.0,57975.0,22175.0,22175.0,23010.0,23010.0,23010.0,23010.0,58810.0,,,,Кузнецов Михаил Иванович
793,доп работы,,,,,15926.7,10226.0,7578.94,11625.38,9084.47,7284.26,9650.43,8803.62,11086.06,,,,Кузнецов Михаил Иванович
48,первая часть оплаты,,,,39726.0,39726.0,39726.0,,,,,39726.0,39726.0,39726.0,,45175.5,44635.5,Смирнова Ольга Владимировна
107,первая часть оплаты,52158.0,66122.0,34850.0,,67774.08,36046.0,54832.0,47165.28,71542.0,51910.74,60269.0,58485.96,59885.85,65222.34,60505.74,66694.89,Кузнецов Михаил Иванович
910,первая часть оплаты,,,,,,,,,69800.0,70000.0,,65425.0,,,,,Смирнова Ольга Владимировна
910,вторая часть оплаты,,,,,,,,,,,,,,,,,Смирнова Ольга Владимировна
690,,54455.0,51995.0,54735.0,80085.0,79045.0,81310.0,,51395.0,51395.0,51395.0,51395.0,19425.0,,,,64300.0,Смирнова Ольга Владимировна
934,,,,,,,,,,,22620.0,22020.0,19865.0,19865.0,,,,Смирнова Ольга Владимировна
712,первая часть оплаты,,40690.0,40030.0,40920.0,34840.0,34990.0,41070.0,43980.0,43980.0,44870.0,43980.0,43980.0,44870.0,40970.0,40970.0,40970.0,Смирнова Ольга Владимировна
712,вторая часть оплаты,,,,,,5190.0,,,,,,,,,,,Смирнова Ольга Владимировна
927,,,,,,,,,,,130750.0,128150.0,128850.0,51850.0,,,,Смирнова Ольга Владимировна
817,основные работы,,,,,51525.0,49700.0,49700.0,56435.0,56435.0,56435.0,59075.0,59075.0,59075.0,56750.0,56750.0,,Попова Екатерина Николаевна
817,доп работы,,,,,10100.0,7425.0,7425.0,7900.0,7900.0,7900.0,8850.0,8610.0,8780.0,11100.0,11100.0,,Попова Екатерина Николаевна
896,,,,,,,,,,,,,,,,,,Попова Екатерина Николаевна
797,первая часть оплаты,,,,93250.0,93250.0,93250.0,93250.0,93250.0,115900.0,115900.0,115900.0,142000.0,142000.0,142000.0,142000.0,142000.0,Соколова Анастасия Викторовна
797,вторая часть оплаты,,,,28495.0,17645.0,26285.0,21280.0,18540.0,,,,,,,,,Соколова Анастасия Викторовна
797,доп работы,,,,,,,,,,,,43000.0,43000.0,50000.0,50000.0,50000.0,Соколова Анастасия Викторовна
798,доп работы,,,,,,45000.0,,,,,,,,,,,Соколова Анастасия Викторовна
798,первая часть оплаты,,,,37000.0,37000.0,37000.0,37000.0,37000.0,37000.0,37000.0,37000.0,89400.0,89400.0,89400.0,89400.0,89400.0,Соколова Анастасия Викторовна
798,вторая часть оплаты,,,,35830.0,30495.0,21280.0,23220.0,39710.0,35345.0,54255.0,75215.0,23600.0,40400.0,38000.0,27200.0,14000.0,Соколова Анастасия Викторовна
888,первая часть оплаты,,,,,,,,18650.0,,170425.0,114800.0,167400.0,202150.0,202150.0,202150.0,149500.0,Соколова Анастасия Викторовна
888,вторая часть оплаты,,,,,,,,,,1890.0,39690.0,42210.0,74025.0,71820.0,65835.0,46620.0,Соколова Анастасия Викторовна
998,первая часть оплаты,,,,,,,,,,,,,45205.0,,41050.0,46120.0,Попова Екатерина Николаевна
998,вторая часть оплаты,,,,,,,,,,,,,,,,425.0,Попова Екатерина Николаевна
932,первая часть оплаты,,,,,,,,,,55300.0,53400.0,52400.0,53800.0,,,,Смирнова Ольга Владимировна
932,вторая часть оплаты,,,,,,,,,,,,1900.0,1000.0,,,,Смирнова Ольга Владимировна
369,основные работы,42600.0,7450.0,,,,,,,120190.0,9460.0,14190.0,124920.0,,,,,Васильев Артем Александрович
369,доп работы,,,,,,,,,,,5000.0,,,,,,Васильев Артем Александрович
244,,324600.0,324600.0,324600.0,324600.0,324600.0,324600.0,328020.0,328020.0,328020.0,328020.0,328020.0,328020.0,,,,,Васильев Артем Александрович
562,,85120.0,85120.0,85120.0,85120.0,85120.0,85120.0,69940.0,69940.0,69940.0,69940.0,69940.0,69940.0,,,,,Васильев Артем Александрович
886,,,,,,,,,406720.0,106543.34,26020.0,26020.0,26020.0,,,,,Васильев Артем Александрович
866,,,,,,,,,82000.0,94870.0,87940.0,105550.0,94450.0,103070.0,,,,Соколова Анастасия Викторовна
997,,,,,,,,,,,,,,,,,,Соколова Анастасия Викторовна
954,,,,,,,,,,,,135000.0,135000.0,135000.0,35000.0,,,Соколова Анастасия Викторовна
873,,,,,,,,,99855.0,97775.0,97775.0,98830.0,,,,,,Попова Екатерина Николаевна
900,основные работы,,,,,,,,,50350.0,50200.0,,,,,,,Смирнова Ольга Владимировна
900,доп работы,,,,,,,,,17475.0,17475.0,,,,,,,Смирнова Ольга Владимировна
273,основные работы,106800.0,106800.0,106800.0,106800.0,133405.0,131405.0,131405.0,131405.0,131405.0,131405.0,131405.0,131405.0,131405.0,131405.0,131405.0,131405.0,Соколова Анастасия Викторовна
899,,,,,,,,,,,103460.0,89060.0,89060.0,44100.0,,,,Васильев Артем Александрович
1015,первая часть оплаты,,,,,,,,,,,,,103700.0,15000.0,,,Смирнова Ольга Владимировна
1015,вторая часть оплаты,,,,,,,,,,,,,60000.0,,,,Смирнова Ольга Владимировна
977,,,,,,,,,,,,,78600.0,68600.0,68600.0,68600.0,71900.0,Кузнецов Михаил Иванович
630,первая часть оплаты,,,41500.0,,,,,,,,,,,,,,Смирнова Ольга Владимировна
630,вторая часть оплаты,54640.0,54165.0,8140.0,47085.0,47040.0,42185.0,43510.0,37325.0,32930.0,35855.0,39405.0,32375.0,28175.0,,,,Смирнова Ольга Владимировна
914,первая часть оплаты,,,,,,,,,,52778.0,78987.0,78987.0,,,,,Соколова Анастасия Викторовна
914,вторая часть оплаты,,,,,,,,,,79167.0,52658.0,52658.0,,,,,Соколова Анастасия Викторовна
914,доп работы,,,,,,,,,,,,,,,,,Соколова Анастасия Викторовна
976,первая часть оплаты,,,,,,,,,,,,48360.0,,,,,Соколова Анастасия Викторовна
976,вторая часть оплаты,,,,,,,,,,,,32240.0,,,,,Соколова Анастасия Викторовна
1012,,,,,,,,,,,,,,98492.0,109442.52,,,Петрова Анна Дмитриевна
199,первая часть оплаты,,,27735.0,40770.0,38870.0,38980.0,6800.0,6800.0,6800.0,6800.0,42450.0,40770.0,,,,,Кузнецов Михаил Иванович
199,вторая часть оплаты,25050.0,68120.0,23735.0,5700.0,14750.0,14750.0,2135.0,2135.0,2135.0,2135.0,8040.0,7125.0,,,,,Кузнецов Михаил Иванович
519,первая часть оплаты,,,,,,,121500.0,112000.0,112000.0,112000.0,121500.0,121500.0,,,,,Кузнецов Михаил Иванович
519,вторая часть оплаты,218465.0,187125.0,88975.0,,,,53700.0,44750.0,44750.0,,53700.0,44750.0,,,,,Кузнецов Михаил Иванович
889,,,,,,,,,32075.0,63190.0,64940.0,,,64620.0,,,,Васильев Артем Александрович
956,,,,,,,,,,,,61000.0,61000.0,61000.0,55000.0,,,Васильев Артем Александрович
851,,,,,,,,65980.0,70400.0,71410.0,,,,71410.0,40825.0,40825.0,40825.0,Смирнова Ольга Владимировна
1001,,,,,,,,,,,,,,290000.0,,,,Кузнецов Михаил Иванович
448,первая часть оплаты,64755.5,64755.5,64743.0,64743.0,64743.0,64743.0,64743.0,64743.0,64743.0,64743.0,64743.0,64743.0,64743.0,64743.0,75540.0,108035.0,Кузнецов Михаил Иванович
448,вторая часть оплаты,76533.5,72807.0,19158.0,70540.0,72844.0,69870.0,75012.0,76020.0,87496.85,83707.5,90966.0,89246.65,92657.1,91132.95,12203.0,26386.5,Кузнецов Михаил Иванович
569,основные работы,,,36415.0,36415.0,36415.0,36415.0,36415.0,36415.0,34225.0,34225.0,34225.0,34225.0,34225.0,34225.0,40200.0,40200.0,Кузнецов Михаил Иванович
569,доп работы,,,,,,,,,11210.0,17540.0,12875.0,10765.0,14985.0,12875.0,16700.0,19500.0,Кузнецов Михаил Иванович
597,первая часть оплаты,194850.0,190675.0,184016.0,184016.0,184016.0,184016.0,184016.0,184016.0,173934.0,173619.0,173934.0,173619.0,173934.0,173619.0,193215.0,203878.0,Васильев Артем Александрович
597,вторая часть оплаты,19185.96,19340.21,17928.09,17928.09,18235.53,17241.91,16633.4,15539.79,15391.91,15768.51,14903.62,15611.06,15572.77,14001.0,17343.46,15975.34,Васильев Артем Александрович
947,,,,,,,,,,,88838.0,100891.0,106346.0,70709.0,107411.0,,,Васильев Артем Александрович
708,первая часть оплаты,343745.0,501895.0,660475.0,743015.0,780365.0,676860.0,142615.0,161050.0,141875.0,141875.0,187385.0,355915.0,356355.0,357250.0,,,Васильев Артем Александрович
708,вторая часть оплаты,,,,9500.0,14725.0,7125.0,2850.0,2850.0,2850.0,2850.0,3800.0,,,,,,Васильев Артем Александрович
850,,,,,,,,84015.0,78015.0,78015.0,80505.0,80505.0,78660.0,80505.0,76170.0,106433.0,106433.0,Васильев Артем Александрович
958,первая часть оплаты,,,,,,,,,,,91450.0,83850.0,84850.0,50250.0,,,Федорова Марина Васильевна
962,,,,,,,,,,,,40400.0,40600.0,43400.0,46700.0,,,Смирнова Ольга Владимировна
39,первая часть оплаты,137700.0,137700.0,149206.5,149206.5,149206.5,149206.5,149206.5,149206.5,149206.5,149206.5,149206.5,149206.5,149206.5,149206.5,,,Попова Екатерина Николаевна
742,первая часть оплаты,,126530.0,117455.0,117455.0,117455.0,117455.0,117455.0,117455.0,117455.0,140535.0,117455.0,117455.0,,130750.0,147680.0,147680.0,Попова Екатерина Николаевна
742,вторая часть оплаты,,,,,,,,,,,,,,,,3500.0,Попова Екатерина Николаевна
772,первая часть оплаты,,,45570.0,42570.0,42570.0,44680.0,44680.0,44680.0,44680.0,44680.0,46790.0,46790.0,46790.0,46790.0,62500.0,62500.0,Попова Екатерина Николаевна
772,вторая часть оплаты,,,1055.0,6620.0,6860.0,2400.0,17745.0,14770.0,15825.0,15060.0,,18990.0,13460.0,15570.0,13300.0,13300.0,Попова Екатерина Николаевна
45,первая часть оплаты,,,22200.0,22200.0,22200.0,22200.0,22200.0,22200.0,22200.0,22200.0,22200.0,22200.0,22200.0,22200.0,,,Попова Екатерина Николаевна
45,вторая часть оплаты,35150.0,47400.0,26930.0,42275.0,49440.0,36795.0,39900.0,39435.0,48555.0,13925.0,62890.0,74480.0,66200.0,55330.0,,,Попова Екатерина Николаевна
46,,37939.5,37939.5,39838.5,39298.5,39298.5,39298.5,39298.5,39298.5,39298.5,39298.5,39298.5,39298.5,39298.5,39298.5,,,Смирнова Ольга Владимировна
49,,85842.0,85842.0,83358.0,83358.0,83358.0,83358.0,83358.0,83358.0,84582.0,84582.0,84582.0,84582.0,84582.0,84582.0,,,Смирнова Ольга Владимировна
54,,,,,,41067.0,38461.5,32139.0,31333.5,32139.0,32139.0,49666.5,50094.0,50949.0,50949.0,,,Смирнова Ольга Владимировна
966,первая часть оплаты,,,,,,,,,,,,,,75700.0,65800.0,67000.0,Смирнова Ольга Владимировна
975,первая часть оплаты,,,,,,,,,,,,46990.0,45520.0,50260.0,59773.5,61006.5,Смирнова Ольга Владимировна
975,вторая часть оплаты,,,,,,,,,,,,2322.34,3141.49,4568.0,,,Смирнова Ольга Владимировна
925,,,,,,,,,,,115260.0,132520.0,135230.0,141750.0,156040.0,120025.0,43922.5,Смирнова Ольга Владимировна
783,,,,35000.0,35000.0,35000.0,35000.0,35000.0,35000.0,50000.0,50000.0,50000.0,50000.0,50000.0,25000.0,,,Соколова Анастасия Викторовна
109,первая часть оплаты,94000.0,94000.0,94000.0,94000.0,94000.0,94000.0,94000.0,94000.0,94000.0,94000.0,94000.0,94000.0,94000.0,94000.0,,,Васильев Артем Александрович
748,первая часть оплаты,,,125530.0,119800.0,109925.0,114885.0,185665.0,269360.0,268895.0,171865.0,173765.0,197110.0,194260.0,194735.0,,149500.0,Васильев Артем Александрович
748,вторая часть оплаты,,,5700.0,9500.0,9500.0,14250.0,37430.0,36725.0,53825.0,28175.0,28175.0,32925.0,32925.0,32925.0,,7050.0,Васильев Артем Александрович
112,,202450.0,194050.0,125000.0,222000.0,240800.0,90090.0,117090.0,117090.0,155090.0,162650.0,162650.0,132410.0,132410.0,132410.0,,136730.0,Михайлов Андрей Сергеевич
656,основные работы,,,,,152931.0,147231.0,147231.0,147231.0,147231.0,147231.0,147231.0,147231.0,120916.0,118313.0,,,Смирнова Ольга Владимировна
656,доп работы,,,,,16200.0,7700.0,7200.0,7000.0,7000.0,5000.0,,20300.0,43000.0,38300.0,,,Смирнова Ольга Владимировна
744,первая часть оплаты,,,,79800.0,82400.0,44550.0,36100.0,36100.0,44550.0,36100.0,36100.0,54600.0,54600.0,54600.0,54600.0,,Кузнецов Михаил Иванович
744,вторая часть оплаты,,,,11864.42,10354.55,,19277.3,4688.0,2311.0,13415.32,7851.06,2910.64,8984.0,7735.11,17707.0,,Кузнецов Михаил Иванович
801,основные работы,,,,,,126747.25,114327.25,112947.25,113493.5,113493.5,113493.5,82420.5,82420.5,82420.5,,,Попова Екатерина Николаевна
801,доп работы,,,,,,14268.89,21395.59,21560.0,62135.82,44629.96,41079.32,14549.1,12232.07,10801.22,,,Попова Екатерина Николаевна
944,первая часть оплаты,,,,,,,,,,,122200.0,,,,,,Смирнова Ольга Владимировна
944,вторая часть оплаты,,,,,,,,,,,,,,,,,Смирнова Ольга Владимировна
887,первая часть оплаты,,,,,,,,,94500.0,94500.0,94500.0,94500.0,94500.0,94500.0,,,Попова Екатерина Николаевна
887,вторая часть оплаты,,,,,,,,,,,,101400.0,,,,,Попова Екатерина Николаевна
879,первая часть оплаты,,,,,,,,,66375.0,66950.0,66475.0,66950.0,66475.0,66950.0,,136450.0,Смирнова Ольга Владимировна
879,доп работы,,,,,,,,,,,50950.0,50950.0,50950.0,57950.0,,,Смирнова Ольга Владимировна
818,основные работы,,,,,,,,,,,,285830.0,281395.0,282170.0,97525.0,103945.0,Попова Екатерина Николаевна
818,доп работы,,,,,,,,,,,,,36851.67,12537.6,,5511.7,Попова Екатерина Николаевна
154,основные работы,57545.0,57545.0,57545.0,57545.0,57545.0,57545.0,57545.0,57545.0,57545.0,57545.0,57545.0,75100.0,75100.0,75100.0,75200.0,75200.0,Соколова Анастасия Викторовна
154,доп работы,,,,,10000.0,,,22000.0,,3000.0,,5000.0,,15200.0,,7500.0,Соколова Анастасия Викторовна
154,доп работы,,,,,,,,,,10000.0,,,,,,,Соколова Анастасия Викторовна
751,основные работы,,,132100.0,135900.0,191050.0,172250.0,131655.0,91800.0,105100.0,152950.0,162950.0,155600.0,154800.0,144950.0,106450.0,173550.0,Васильев Артем Александрович
751,доп работы,,,,,,,,,,,,,,,,46600.0,Васильев Артем Александрович
747,первая часть оплаты,,,18000.0,15500.0,25350.0,24600.0,6200.0,17600.0,12200.0,14600.0,18200.0,14900.0,20900.0,16700.0,15750.0,22000.0,Васильев Артем Александрович
746,,,,17800.0,21050.0,10650.0,18800.0,13450.0,5300.0,13000.0,13600.0,9000.0,16650.0,16950.0,14700.0,3350.0,6550.0,Васильев Артем Александрович
749,,,,20300.0,31200.0,14000.0,5150.0,7900.0,7450.0,22650.0,12650.0,11750.0,22050.0,18750.0,19050.0,9200.0,10500.0,Васильев Артем Александрович
722,первая часть оплаты,,,43015.5,42178.5,47760.0,46865.0,47760.0,46865.0,47760.0,46865.0,46865.0,46865.0,46865.0,46865.0,44900.0,44200.0,Попова Екатерина Николаевна
722,вторая часть оплаты,,,12343.5,13293.0,36925.0,25320.0,34815.0,27430.0,15825.0,10550.0,26375.0,29540.0,29540.0,31650.0,39800.0,43700.0,Попова Екатерина Николаевна
743,первая часть оплаты,,,,28377.5,25377.5,25377.5,25377.5,25377.5,25377.5,27100.0,28050.0,28050.0,32200.0,33400.0,33400.0,33400.0,Смирнова Ольга Владимировна
743,вторая часть оплаты,,,,28377.5,25377.5,25377.5,25377.5,25377.5,25377.5,27100.0,28050.0,28050.0,32200.0,33400.0,33400.0,33400.0,Смирнова Ольга Владимировна
915,первая часть оплаты,,,,,,,,,220027.2,229268.6,229121.4,175025.4,172748.4,172467.8,,,Попова Екатерина Николаевна
915,вторая часть оплаты,,,,,,,,,,2535.1,2538.3,,2228.0,3210.2,,,Попова Екатерина Николаевна
917,первая часть оплаты,,,,,,,,,74300.0,62900.0,38700.0,47900.0,52600.0,54700.0,,,Попова Екатерина Николаевна
918,первая часть оплаты,,,,,,,,,46500.0,77500.0,77500.0,113500.0,77500.0,77500.0,,,Попова Екатерина Николаевна
918,вторая часть оплаты,,,,,,,,,,,104404.98,,5595.0,,,,Попова Екатерина Николаевна
1006,,,,,,,,,,,,,145195.0,140495.0,140495.0,,,Смирнова Ольга Владимировна
979,первая часть оплаты,,,,,,,,,,,,211131.0,219636.0,230067.0,,,Соколова Анастасия Викторовна
979,вторая часть оплаты,,,,,,,,,,,,20671.84,24458.97,24869.21,,,Соколова Анастасия Викторовна
190,,149080.0,149100.0,177595.0,171260.0,150220.0,148220.0,152695.0,152695.0,152695.0,152970.0,148815.0,146475.0,143580.0,137745.0,104025.0,123810.0,Васильев Артем Александрович
196,,53400.0,48400.0,,49350.0,54625.0,55470.0,53780.0,43230.0,43230.0,43230.0,44075.0,55470.0,26540.0,26540.0,,,Кузнецов Михаил Иванович
645,,58060.0,46135.0,,36590.0,38000.0,36010.0,41225.0,37690.0,42755.0,43045.0,38000.0,16300.0,15350.0,16300.0,,,Кузнецов Михаил Иванович
739,,,,72325.0,63325.0,62735.0,62125.0,63180.0,63180.0,84405.0,80405.0,80405.0,80405.0,80405.0,80405.0,80405.0,54542.5,Смирнова Ольга Владимировна
673,основные работы,,,,,,,221405.0,216145.0,216145.0,216145.0,223145.0,223145.0,223990.0,224885.0,226050.0,226050.0,Попова Екатерина Николаевна
673,доп работы,,,,,,,3965.0,915.0,1830.0,12200.0,,,,,,,Попова Екатерина Николаевна
752,первая часть оплаты,,,75570.0,41685.0,41380.0,41330.0,41380.0,41330.0,41330.0,41330.0,41330.0,41380.0,41330.0,41380.0,40000.0,41500.0,Попова Екатерина Николаевна
752,вторая часть оплаты,,,1525.0,7050.0,4000.0,4000.0,4000.0,4000.0,4000.0,4000.0,4000.0,4000.0,4000.0,4000.0,,1110.0,Попова Екатерина Николаевна
791,основные работы,,,,,800000.0,800000.0,800000.0,800000.0,800000.0,800000.0,800000.0,800000.0,800000.0,800000.0,729833.33,729833.33,Васильев Артем Александрович
791,доп работы,,,,,63600.0,,,,,,,,,,,,Васильев Артем Александрович
610,основные работы,,,,,,,,,139860.0,139860.0,139860.0,139860.0,139860.0,139860.0,136300.0,136300.0,Кузнецов Михаил Иванович
610,доп работы,135995.0,135995.0,131425.0,140565.0,146845.0,146845.0,146845.0,135985.0,10065.0,11285.0,10675.0,10675.0,10675.0,10675.0,14000.0,14000.0,Кузнецов Михаил Иванович
629,первая часть оплаты,25745.0,26167.5,33127.5,,,,,,,,,,,,,,Кузнецов Михаил Иванович
629,вторая часть оплаты,25745.0,26167.5,33127.5,56115.0,104976.0,94329.0,95850.0,95850.0,95850.0,95850.0,95850.0,95850.0,95850.0,95850.0,,,Кузнецов Михаил Иванович
228,"карты, банки",28200.0,28200.0,33885.0,33885.0,33885.0,33885.0,33885.0,33885.0,33885.0,33885.0,33885.0,33885.0,33885.0,33885.0,43400.0,43400.0,Васильев Артем Александрович
890,первая часть оплаты,68700.0,68700.0,70470.0,89650.0,77320.0,83900.0,83900.0,83900.0,83900.0,83900.0,83900.0,83900.0,83900.0,83900.0,42300.0,42300.0,Васильев Артем Александрович
890,вторая часть оплаты,,,,,,,,,38330.0,40410.0,58520.0,34495.0,33865.0,45990.0,86400.0,126900.0,Васильев Артем Александрович
940,основные работы,,,,,,,,,,40500.0,,41200.0,,41200.0,,41200.0,Смирнова Ольга Владимировна
940,доп работы,,,,,,,,,,,,20000.0,79655.0,62093.3,61093.3,61335.0,Смирнова Ольга Владимировна
941,,,,,,,,,,,26200.0,,26200.0,,26900.0,,26900.0,Смирнова Ольга Владимировна
471,первая часть оплаты,89185.11,74986.18,63305.1,69513.19,75127.44,100518.83,91826.81,103176.17,100914.15,95501.13,96679.36,113011.0,91770.64,99410.96,115821.0,127200.0,Васильев Артем Александрович
471,вторая часть оплаты,,,,,0.01,,,,,,,,,,,,Васильев Артем Александрович
547,основные работы,144180.0,104660.0,226420.0,139660.0,165540.0,168680.0,166520.0,83360.0,104440.0,128040.0,166320.0,166690.0,117280.0,215040.0,166000.0,164960.0,Соколова Анастасия Викторовна
868,,,,,,,,41960.0,48000.0,48760.0,48760.0,52690.0,51650.0,52690.0,52690.0,,,Соколова Анастасия Викторовна
682,первая часть оплаты,28864.0,23944.0,23944.0,23944.0,23944.0,,,,,,90075.0,90075.0,90075.0,90075.0,,,Васильев Артем Александрович
682,вторая часть оплаты,274011.2,287852.8,243732.7,277295.8,252063.9,,,,,,,,,,,,Васильев Артем Александрович
951,,,,,,,,,,,,402400.0,402400.0,402400.0,402400.0,,,Васильев Артем Александрович
777,первая часть оплаты,,,,57590.0,58275.0,57075.0,57075.0,57075.0,73695.0,72640.0,73695.0,77015.0,81120.0,80065.0,,,Соколова Анастасия Викторовна
777,вторая часть оплаты,,,,,,3660.0,7625.0,9150.0,20225.0,36295.0,30295.0,43395.0,35560.0,38620.0,,,Соколова Анастасия Викторовна
778,первая часть оплаты,,,,48285.0,78235.0,96535.0,97145.0,92175.0,24510.0,24510.0,24510.0,25360.0,25360.0,25360.0,,,Соколова Анастасия Викторовна
778,вторая часть оплаты,,,,915.0,5795.0,1525.0,7625.0,1830.0,23400.0,23400.0,18540.0,27470.0,23400.0,22505.0,,,Соколова Анастасия Викторовна
804,первая часть оплаты,,,,,36605.0,29795.0,28250.0,35460.0,27580.0,68095.0,26915.0,36205.0,28900.0,69210.0,,,Кузнецов Михаил Иванович
804,вторая часть оплаты,,,,,,,4105.0,,,,,,,,,,Кузнецов Михаил Иванович
808,,,,,,,,84000.0,78000.0,78000.0,73050.0,101020.0,100285.0,73050.0,,,,Федорова Марина Васильевна
350,первая часть оплаты,,,,,,,,,,,,121000.0,121000.0,121000.0,117500.0,117500.0,Смирнова Ольга Владимировна
350,вторая часть оплаты,,,,,,,,,,,,,,305.0,305.0,305.0,Смирнова Ольга Владимировна
955,,,,,,,,,,,,9300.0,9300.0,13200.0,17400.0,,,Смирнова Ольга Владимировна
1004,,,,,,,,,,,,,,34000.0,0.0,,,без А/М
281,основные работы,76550.0,79950.0,66900.0,89150.0,108450.0,77100.0,78800.0,126740.0,117730.0,115860.0,160770.0,142490.0,99125.0,74350.0,105775.0,92065.0,Соколова Анастасия Викторовна
281,доп работы,21450.0,13300.0,15900.0,19850.0,17350.0,14650.0,15900.0,3000.0,,,,,,,,,Соколова Анастасия Викторовна
785,,,,,5306.6,12898.1,5287.0,10180.0,8600.0,3860.0,8600.0,700.0,700.0,,,,,Соколова Анастасия Викторовна
913,,,,,,,,,,58200.0,58200.0,58200.0,58200.0,58200.0,58200.0,,,Смирнова Ольга Владимировна
930,первая часть оплаты,,,,,,,,,,,36687.5,31152.5,30350.0,34547.5,25750.0,25600.0,Кузнецов Михаил Иванович
