id,month_last,AM,Account
42,2022-11,Васильев Артем Александрович,Васильев Артем Александрович
453,2022-11,Васильев Артем Александрович,Васильев Артем Александрович
548,2022-11,Михайлов Андрей Сергеевич,Михайлов Андрей Сергеевич
87,2022-11,Соколова Анастасия Викторовна,Иванова Мария Сергеевна
429,2022-11,Соколова Анастасия Викторовна,Соколова Анастасия Викторовна
600,2022-11,Васильев Артем Александрович,Васильев Артем Александрович
657,2022-11,Васильев Артем Александрович,Васильев Артем Александрович
594,2022-11,Васильев Артем Александрович,Васильев Артем Александрович
665,2022-11,Васильев Артем Александрович,Васильев Артем Александрович
586,2022-11,Иванова Мария Сергеевна,Попова Екатерина Николаевна
637,2022-11,Соколова Анастасия Викторовна,Соколова Анастасия Викторовна
419,2022-11,Михайлов Андрей Сергеевич,Михайлов Андрей Сергеевич
578,2022-11,Попова Екатерина Николаевна,Попова Екатерина Николаевна
579,2022-11,Васильев Артем Александрович,Васильев Артем Александрович
671,2022-11,Соколова Анастасия Викторовна,Соколова Анастасия Викторовна
633,2022-11,Васильев Артем Александрович,Васильев Артем Александрович
645,2022-11,Соколова Анастасия Викторовна,Кузнецов Михаил Иванович
369,2022-11,Васильев Артем Александрович,Васильев Артем Александрович
547,2022-11,Михайлов Андрей Сергеевич,Соколова Анастасия Викторовна
592,2022-11,Васильев Артем Александрович,Васильев Артем Александрович
666,2022-11,Васильев Артем Александрович,Васильев Артем Александрович
620,2022-11,Васильев Артем Александрович,Васильев Артем Александрович
301,2022-11,Попова Екатерина Николаевна,Попова Екатерина Николаевна
704,2022-11,Михайлов Андрей Сергеевич,Михайлов Андрей Сергеевич
15,2022-12,Иванова Мария Сергеевна,Иванова Мария Сергеевна
16,2022-12,Иванова Мария Сергеевна,Иванова Мария Сергеевна
379,2022-12,Иванова Мария Сергеевна,Иванова Мария Сергеевна
31,2022-12,Васильев Артем Александрович,Васильев Артем Александрович
572,2022-12,Васильев Артем Александрович,Васильев Артем Александрович
573,2022-12,Васильев Артем Александрович,Васильев Артем Александрович
574,2022-12,Васильев Артем Александрович,Васильев Артем Александрович
575,2022-12,Васильев Артем Александрович,Васильев Артем Александрович
576,2022-12,Васильев Артем Александрович,Васильев Артем Александрович
448,2022-12,Соколова Анастасия Викторовна,Кузнецов Михаил Иванович
492,2022-12,Смирнова Ольга Владимировна,Смирнова Ольга Владимировна
597,2022-12,Михайлов Андрей Сергеевич,Васильев Артем Александрович
708,2022-12,Васильев Артем Александрович,Васильев Артем Александрович
719,2022-12,Васильев Артем Александрович,Васильев Артем Александрович
39,2022-12,Иванова Мария Сергеевна,Попова Екатерина Николаевна
328,2022-12,Иванова Мария Сергеевна,Иванова Мария Сергеевна
716,2022-12,Соколова Анастасия Викторовна,Соколова Анастасия Викторовна
613,2022-12,Васильев Артем Александрович,Васильев Артем Александрович
615,2022-12,Васильев Артем Александрович,Васильев Артем Александрович
617,2022-12,Васильев Артем Александрович,Васильев Артем Александрович
643,2022-12,Васильев Артем Александрович,Васильев Артем Александрович
45,2022-12,Попова Екатерина Николаевна,Попова Екатерина Николаевна
318,2022-12,Попова Екатерина Николаевна,Попова Екатерина Николаевна
46,2022-12,Васильев Артем Александрович,Смирнова Ольга Владимировна
49,2022-12,Васильев Артем Александрович,Смирнова Ольга Владимировна
603,2022-12,Михайлов Андрей Сергеевич,Михайлов Андрей Сергеевич
441,2022-12,Михайлов Андрей Сергеевич,Васильев Артем Александрович
461,2022-12,Иванова Мария Сергеевна,Иванова Мария Сергеевна
717,2022-12,Попова Екатерина Николаевна,Попова Екатерина Николаевна
112,2022-12,Иванова Мария Сергеевна,Михайлов Андрей Сергеевич
630,2022-12,Смирнова Ольга Владимировна,Смирнова Ольга Владимировна
154,2022-12,Попова Екатерина Николаевна,Соколова Анастасия Викторовна
418,2022-12,Михайлов Андрей Сергеевич,Михайлов Андрей Сергеевич
456,2022-12,Михайлов Андрей Сергеевич,Михайлов Андрей Сергеевич
457,2022-12,Михайлов Андрей Сергеевич,Михайлов Андрей Сергеевич
454,2022-12,Михайлов Андрей Сергеевич,Михайлов Андрей Сергеевич
455,2022-12,Михайлов Андрей Сергеевич,Михайлов Андрей Сергеевич
693,2022-12,Попова Екатерина Николаевна,Попова Екатерина Николаевна
654,2022-12,Соколова Анастасия Викторовна,Соколова Анастасия Викторовна
475,2022-12,Соколова Анастасия Викторовна,Соколова Анастасия Викторовна
193,2022-12,Иванова Мария Сергеевна,Иванова Мария Сергеевна
390,2022-12,Иванова Мария Сергеевна,Иванова Мария Сергеевна
477,2022-12,Иванова Мария Сергеевна,Иванова Мария Сергеевна
478,2022-12,Иванова Мария Сергеевна,Иванова Мария Сергеевна
535,2022-12,Иванова Мария Сергеевна,Иванова Мария Сергеевна
709,2022-12,Иванова Мария Сергеевна,Иванова Мария Сергеевна
581,2022-12,Иванова Мария Сергеевна,Иванова Мария Сергеевна
623,2022-12,Иванова Мария Сергеевна,Иванова Мария Сергеевна
196,2022-12,Соколова Анастасия Викторовна,Кузнецов Михаил Иванович
199,2022-12,Соколова Анастасия Викторовна,Кузнецов Михаил Иванович
705,2022-12,Смирнова Ольга Владимировна,Смирнова Ольга Владимировна
629,2022-12,Кузнецов Михаил Иванович,Кузнецов Михаил Иванович
720,2022-12,Васильев Артем Александрович,Васильев Артем Александрович
228,2022-12,Васильев Артем Александрович,Васильев Артем Александрович
242,2022-12,Соколова Анастасия Викторовна,Соколова Анастасия Викторовна
471,2022-12,Васильев Артем Александрович,Васильев Артем Александрович
596,2022-12,Васильев Артем Александрович,Васильев Артем Александрович
714,2022-12,Попова Екатерина Николаевна,Попова Екатерина Николаевна
266,2022-12,Соколова Анастасия Викторовна,Соколова Анастасия Викторовна
498,2022-12,Васильев Артем Александрович,Васильев Артем Александрович
703,2022-12,Васильев Артем Александрович,Васильев Артем Александрович
524,2022-12,Иванова Мария Сергеевна,Иванова Мария Сергеевна
274,2022-12,Соколова Анастасия Викторовна,Соколова Анастасия Викторовна
281,2022-12,Михайлов Андрей Сергеевич,Соколова Анастасия Викторовна
583,2022-12,Михайлов Андрей Сергеевич,Соколова Анастасия Викторовна
697,2022-12,Васильев Артем Александрович,Васильев Артем Александрович
626,2022-12,Васильев Артем Александрович,Васильев Артем Александрович
684,2023-01,Васильев Артем Александрович,Васильев Артем Александрович
708,2023-01,Васильев Артем Александрович,Васильев Артем Александрович
548,2023-01,Михайлов Андрей Сергеевич,Михайлов Андрей Сергеевич
493,2023-01,Смирнова Ольга Владимировна,Смирнова Ольга Владимировна
674,2023-01,Попова Екатерина Николаевна,Попова Екатерина Николаевна
728,2023-01,Попова Екатерина Николаевна,Попова Екатерина Николаевна
624,2023-01,Попова Екатерина Николаевна,Попова Екатерина Николаевна
107,2023-01,Васильев Артем Александрович,Кузнецов Михаил Иванович
721,2023-01,Попова Екатерина Николаевна,Попова Екатерина Николаевна
509,2023-01,Соколова Анастасия Викторовна,Соколова Анастасия Викторовна
649,2023-01,Соколова Анастасия Викторовна,Соколова Анастасия Викторовна
671,2023-01,Соколова Анастасия Викторовна,Соколова Анастасия Викторовна
687,2023-01,Соколова Анастасия Викторовна,Соколова Анастасия Викторовна
519,2023-01,Соколова Анастасия Викторовна,Кузнецов Михаил Иванович
629,2023-01,Кузнецов Михаил Иванович,Кузнецов Михаил Иванович
547,2023-01,Михайлов Андрей Сергеевич,Соколова Анастасия Викторовна
230,2023-01,Соколова Анастасия Викторовна,Соколова Анастасия Викторовна
703,2023-01,Васильев Артем Александрович,Васильев Артем Александрович
697,2023-01,Васильев Артем Александрович,Васильев Артем Александрович
732,2023-01,Кузнецов Михаил Иванович,Кузнецов Михаил Иванович
529,2023-02,Васильев Артем Александрович,Васильев Артем Александрович
348,2023-02,Попова Екатерина Николаевна,Попова Екатерина Николаевна
453,2023-02,Васильев Артем Александрович,Васильев Артем Александрович
429,2023-02,Соколова Анастасия Викторовна,Соколова Анастасия Викторовна
381,2023-02,Иванова Мария Сергеевна,Иванова Мария Сергеевна
556,2023-02,Иванова Мария Сергеевна,Иванова Мария Сергеевна
600,2023-02,Васильев Артем Александрович,Васильев Артем Александрович
640,2023-02,Попова Екатерина Николаевна,Попова Екатерина Николаевна
101,2023-02,Попова Екатерина Николаевна,Попова Екатерина Николаевна
690,2023-02,Соколова Анастасия Викторовна,Смирнова Ольга Владимировна
653,2023-02,Васильев Артем Александрович,Васильев Артем Александрович
744,2023-02,Васильев Артем Александрович,Кузнецов Михаил Иванович
154,2023-02,Попова Екатерина Николаевна,Соколова Анастасия Викторовна
174,2023-02,Иванова Мария Сергеевна,Иванова Мария Сергеевна
667,2023-02,Васильев Артем Александрович,Васильев Артем Александрович
180,2023-02,Попова Екатерина Николаевна,Попова Екатерина Николаевна
633,2023-02,Васильев Артем Александрович,Васильев Артем Александрович
190,2023-02,Васильев Артем Александрович,Васильев Артем Александрович
714,2023-02,Попова Екатерина Николаевна,Попова Екатерина Николаевна
301,2023-02,Попова Екатерина Николаевна,Попова Екатерина Николаевна
691,2023-02,Соколова Анастасия Викторовна,Соколова Анастасия Викторовна
273,2023-02,Соколова Анастасия Викторовна,Соколова Анастасия Викторовна
15,2023-02,Иванова Мария Сергеевна,Иванова Мария Сергеевна
649,2023-02,Соколова Анастасия Викторовна,Соколова Анастасия Викторовна
671,2023-02,Соколова Анастасия Викторовна,Соколова Анастасия Викторовна
629,2023-02,Васильев Артем Александрович,Кузнецов Михаил Иванович
785,2023-02,Михайлов Андрей Сергеевич,Соколова Анастасия Викторовна
732,2023-02,Кузнецов Михаил Иванович,Кузнецов Михаил Иванович
530,2023-03,Васильев Артем Александрович,Васильев Артем Александрович
549,2023-03,Васильев Артем Александрович,Васильев Артем Александрович
492,2023-03,Смирнова Ольга Владимировна,Смирнова Ольга Владимировна
686,2023-03,Васильев Артем Александрович,Васильев Артем Александрович
726,2023-03,Попова Екатерина Николаевна,Попова Екатерина Николаевна
56,2023-03,Васильев Артем Александрович,Васильев Артем Александрович
783,2023-03,Михайлов Андрей Сергеевич,Соколова Анастасия Викторовна
728,2023-03,Попова Екатерина Николаевна,Попова Екатерина Николаевна
112,2023-03,Иванова Мария Сергеевна,Михайлов Андрей Сергеевич
744,2023-03,Васильев Артем Александрович,Кузнецов Михаил Иванович
667,2023-03,Васильев Артем Александрович,Васильев Артем Александрович
692,2023-03,Попова Екатерина Николаевна,Попова Екатерина Николаевна
647,2023-03,Попова Екатерина Николаевна,Попова Екатерина Николаевна
683,2023-03,Соколова Анастасия Викторовна,Соколова Анастасия Викторовна
506,2023-03,Иванова Мария Сергеевна,Иванова Мария Сергеевна
540,2023-03,Иванова Мария Сергеевна,Иванова Мария Сергеевна
646,2023-03,Кузнецов Михаил Иванович,Кузнецов Михаил Иванович
768,2023-03,Смирнова Ольга Владимировна,Смирнова Ольга Владимировна
713,2023-03,Попова Екатерина Николаевна,Иванова Мария Сергеевна
244,2023-03,Васильев Артем Александрович,Васильев Артем Александрович
562,2023-03,Васильев Артем Александрович,Васильев Артем Александрович
682,2023-03,Васильев Артем Александрович,Васильев Артем Александрович
682,2023-03,Васильев Артем Александрович,Васильев Артем Александрович
274,2023-03,Соколова Анастасия Викторовна,Соколова Анастасия Викторовна
697,2023-03,Васильев Артем Александрович,Васильев Артем Александрович
697,2023-03,Васильев Артем Александрович,Васильев Артем Александрович
580,2023-03,Михайлов Андрей Сергеевич,Соколова Анастасия Викторовна
15,2023-03,Иванова Мария Сергеевна,Иванова Мария Сергеевна
789,2023-03,Васильев Артем Александрович,Васильев Артем Александрович
797,2023-03,Соколова Анастасия Викторовна,Соколова Анастасия Викторовна
798,2023-03,Соколова Анастасия Викторовна,Соколова Анастасия Викторовна
799,2023-03,Попова Екатерина Николаевна,Попова Екатерина Николаевна
800,2023-03,Попова Екатерина Николаевна,Попова Екатерина Николаевна
708,2023-04,Васильев Артем Александрович,Васильев Артем Александрович
48,2023-04,Васильев Артем Александрович,Смирнова Ольга Владимировна
495,2023-04,Васильев Артем Александрович,Иванова Мария Сергеевна
787,2023-04,Васильев Артем Александрович,Васильев Артем Александрович
675,2023-04,Попова Екатерина Николаевна,Попова Екатерина Николаевна
154,2023-04,Попова Екатерина Николаевна,Соколова Анастасия Викторовна
663,2023-04,Васильев Артем Александрович,Васильев Артем Александрович
743,2023-04,Попова Екатерина Николаевна,Смирнова Ольга Владимировна
781,2023-04,Михайлов Андрей Сергеевич,Михайлов Андрей Сергеевич
782,2023-04,Михайлов Андрей Сергеевич,Михайлов Андрей Сергеевич
740,2023-04,Соколова Анастасия Викторовна,Соколова Анастасия Викторовна
15,2023-04,Иванова Мария Сергеевна,Иванова Мария Сергеевна
348,2023-04,Попова Екатерина Николаевна,Попова Екатерина Николаевна
788,2023-04,Соколова Анастасия Викторовна,Соколова Анастасия Викторовна
600,2023-04,Васильев Артем Александрович,Васильев Артем Александрович
600,2023-04,Васильев Артем Александрович,Васильев Артем Александрович
728,2023-04,Попова Екатерина Николаевна,Попова Екатерина Николаевна
712,2023-04,Попова Екатерина Николаевна,Смирнова Ольга Владимировна
798,2023-04,Соколова Анастасия Викторовна,Соколова Анастасия Викторовна
667,2023-04,Васильев Артем Александрович,Васильев Артем Александрович
633,2023-04,Васильев Артем Александрович,Васильев Артем Александрович
825,2023-04,Соколова Анастасия Викторовна,Соколова Анастасия Викторовна
361,2023-04,Попова Екатерина Николаевна,Попова Екатерина Николаевна
244,2023-04,Васильев Артем Александрович,Васильев Артем Александрович
562,2023-04,Васильев Артем Александрович,Васильев Артем Александрович
547,2023-04,Михайлов Андрей Сергеевич,Соколова Анастасия Викторовна
804,2023-04,Попова Екатерина Николаевна,Кузнецов Михаил Иванович
838,2023-04,Васильев Артем Александрович,Васильев Артем Александрович
771,2023-05,Васильев Артем Александрович,Смирнова Ольга Владимировна
107,2023-05,Васильев Артем Александрович,Кузнецов Михаил Иванович
690,2023-05,Смирнова Ольга Владимировна,Смирнова Ольга Владимировна
765,2023-05,Смирнова Ольга Владимировна,Смирнова Ольга Владимировна
294,2023-05,Смирнова Ольга Владимировна,Смирнова Ольга Владимировна
814,2023-05,Васильев Артем Александрович,Васильев Артем Александрович
796,2023-05,Попова Екатерина Николаевна,Попова Екатерина Николаевна
853,2023-05,Васильев Артем Александрович,Васильев Артем Александрович
563,2023-05,Иванова Мария Сергеевна,Иванова Мария Сергеевна
829,2023-05,Попова Екатерина Николаевна,Попова Екатерина Николаевна
837,2023-05,Васильев Артем Александрович,Васильев Артем Александрович
775,2023-05,Иванова Мария Сергеевна,Иванова Мария Сергеевна
813,2023-05,Иванова Мария Сергеевна,Иванова Мария Сергеевна
842,2023-05,Иванова Мария Сергеевна,Иванова Мария Сергеевна
843,2023-05,Иванова Мария Сергеевна,Иванова Мария Сергеевна
844,2023-05,Иванова Мария Сергеевна,Иванова Мария Сергеевна
845,2023-05,Иванова Мария Сергеевна,Иванова Мария Сергеевна
301,2023-05,Попова Екатерина Николаевна,Попова Екатерина Николаевна
281,2023-05,Соколова Анастасия Викторовна,Соколова Анастасия Викторовна
855,2023-05,Соколова Анастасия Викторовна,Соколова Анастасия Викторовна
583,2023-05,Соколова Анастасия Викторовна,Соколова Анастасия Викторовна
585,2023-05,Михайлов Андрей Сергеевич,Михайлов Андрей Сергеевич
15,2023-06,Иванова Мария Сергеевна,Иванова Мария Сергеевна
569,2023-06,Иванова Мария Сергеевна,Кузнецов Михаил Иванович
719,2023-06,Васильев Артем Александрович,Васильев Артем Александрович
711,2023-06,Васильев Артем Александрович,Васильев Артем Александрович
832,2023-06,Васильев Артем Александрович,Васильев Артем Александрович
55,2023-06,Иванова Мария Сергеевна,Иванова Мария Сергеевна
783,2023-06,Соколова Анастасия Викторовна,Соколова Анастасия Викторовна
441,2023-06,Васильев Артем Александрович,Васильев Артем Александрович
792,2023-06,Васильев Артем Александрович,Васильев Артем Александрович
847,2023-06,Попова Екатерина Николаевна,Попова Екатерина Николаевна
87,2023-06,Иванова Мария Сергеевна,Иванова Мария Сергеевна
600,2023-06,Васильев Артем Александрович,Васильев Артем Александрович
787,2023-06,Васильев Артем Александрович,Васильев Артем Александрович
112,2023-06,Иванова Мария Сергеевна,Михайлов Андрей Сергеевич
744,2023-06,Васильев Артем Александрович,Кузнецов Михаил Иванович
797,2023-06,Соколова Анастасия Викторовна,Соколова Анастасия Викторовна
798,2023-06,Соколова Анастасия Викторовна,Соколова Анастасия Викторовна
337,2023-06,Попова Екатерина Николаевна,Попова Екатерина Николаевна
858,2023-06,Смирнова Ольга Владимировна,Смирнова Ольга Владимировна
633,2023-06,Васильев Артем Александрович,Васильев Артем Александрович
768,2023-06,Смирнова Ольга Владимировна,Смирнова Ольга Владимировна
610,2023-06,Васильев Артем Александрович,Кузнецов Михаил Иванович
857,2023-06,Соколова Анастасия Викторовна,Соколова Анастасия Викторовна
869,2023-06,Михайлов Андрей Сергеевич,Михайлов Андрей Сергеевич
807,2023-06,Попова Екатерина Николаевна,Попова Екатерина Николаевна
884,2023-06,Иванова Мария Сергеевна,Иванова Мария Сергеевна
691,2023-06,Соколова Анастасия Викторовна,Соколова Анастасия Викторовна
274,2023-06,Соколова Анастасия Викторовна,Соколова Анастасия Викторовна
806,2023-06,Соколова Анастасия Викторовна,Соколова Анастасия Викторовна
740,2023-06,Соколова Анастасия Викторовна,Соколова Анастасия Викторовна
871,2023-06,Попова Екатерина Николаевна,Попова Екатерина Николаевна
789,2023-07,Васильев Артем Александрович,Васильев Артем Александрович
495,2023-07,Иванова Мария Сергеевна,Иванова Мария Сергеевна
553,2023-07,Иванова Мария Сергеевна,Иванова Мария Сергеевна
848,2023-07,Соколова Анастасия Викторовна,Смирнова Ольга Владимировна
346,2023-07,Иванова Мария Сергеевна,Иванова Мария Сергеевна
630,2023-07,Смирнова Ольга Владимировна,Смирнова Ольга Владимировна
586,2023-07,Попова Екатерина Николаевна,Попова Екатерина Николаевна
154,2023-07,Иванова Мария Сергеевна,Соколова Анастасия Викторовна
743,2023-07,Попова Екатерина Николаевна,Смирнова Ольга Владимировна
830,2023-07,Иванова Мария Сергеевна,Иванова Мария Сергеевна
727,2023-07,Попова Екатерина Николаевна,Попова Екатерина Николаевна
211,2023-07,Васильев Артем Александрович,Васильев Артем Александрович
808,2023-07,Смирнова Ольга Владимировна,Федорова Марина Васильевна
823,2023-07,Попова Екатерина Николаевна,Попова Екатерина Николаевна
786,2023-07,Васильев Артем Александрович,Васильев Артем Александрович
851,2023-07,Смирнова Ольга Владимировна,Смирнова Ольга Владимировна
891,2023-07,Соколова Анастасия Викторовна,Соколова Анастасия Викторовна
904,2023-07,Соколова Анастасия Викторовна,Соколова Анастасия Викторовна
633,2023-07,Васильев Артем Александрович,Васильев Артем Александрович
901,2023-07,Васильев Артем Александрович,Васильев Артем Александрович
907,2023-07,без А/М,без А/М
897,2023-07,Смирнова Ольга Владимировна,Смирнова Ольга Владимировна
274,2023-07,Соколова Анастасия Викторовна,Соколова Анастасия Викторовна
580,2023-08,Соколова Анастасия Викторовна,Соколова Анастасия Викторовна
719,2023-08,Васильев Артем Александрович,Васильев Артем Александрович
850,2023-08,Васильев Артем Александрович,Васильев Артем Александрович
107,2023-08,Васильев Артем Александрович,Кузнецов Михаил Иванович
109,2023-08,Васильев Артем Александрович,Васильев Артем Александрович
848,2023-08,Смирнова Ольга Владимировна,Смирнова Ольга Владимировна
337,2023-08,Попова Екатерина Николаевна,Попова Екатерина Николаевна
180,2023-08,Попова Екатерина Николаевна,Попова Екатерина Николаевна
865,2023-08,Смирнова Ольга Владимировна,Смирнова Ольга Владимировна
854,2023-08,Соколова Анастасия Викторовна,Соколова Анастасия Викторовна
874,2023-08,Соколова Анастасия Викторовна,Соколова Анастасия Викторовна
673,2023-08,Попова Екатерина Николаевна,Попова Екатерина Николаевна
803,2023-08,Смирнова Ольга Владимировна,Смирнова Ольга Владимировна
648,2023-08,Соколова Анастасия Викторовна,Соколова Анастасия Викторовна
889,2023-08,Васильев Артем Александрович,Васильев Артем Александрович
268,2023-08,Смирнова Ольга Владимировна,Смирнова Ольга Владимировна
274,2023-08,Соколова Анастасия Викторовна,Соколова Анастасия Викторовна
781,2023-08,Михайлов Андрей Сергеевич,Михайлов Андрей Сергеевич
916,2023-08,Васильев Артем Александрович,Васильев Артем Александрович
929,2023-08,Васильев Артем Александрович,Васильев Артем Александрович
914,2023-08,Иванова Мария Сергеевна,Соколова Анастасия Викторовна
923,2023-08,Соколова Анастасия Викторовна,Соколова Анастасия Викторовна
633,2023-08,Васильев Артем Александрович,Васильев Артем Александрович
713,2023-08,Иванова Мария Сергеевна,Иванова Мария Сергеевна
829,2023-08,Попова Екатерина Николаевна,Попова Екатерина Николаевна
846,2023-08,Иванова Мария Сергеевна,Иванова Мария Сергеевна
348,2023-09,Попова Екатерина Николаевна,Попова Екатерина Николаевна
492,2023-09,Смирнова Ольга Владимировна,Смирнова Ольга Владимировна
708,2023-09,Васильев Артем Александрович,Васильев Артем Александрович
819,2023-09,Соколова Анастасия Викторовна,Соколова Анастасия Викторовна
726,2023-09,Попова Екатерина Николаевна,Попова Екатерина Николаевна
792,2023-09,Васильев Артем Александрович,Васильев Артем Александрович
898,2023-09,Смирнова Ольга Владимировна,Смирнова Ольга Владимировна
86,2023-09,Попова Екатерина Николаевна,Попова Екатерина Николаевна
676,2023-09,Смирнова Ольга Владимировна,Смирнова Ольга Владимировна
876,2023-09,Васильев Артем Александрович,Васильев Артем Александрович
877,2023-09,Васильев Артем Александрович,Васильев Артем Александрович
878,2023-09,Васильев Артем Александрович,Васильев Артем Александрович
112,2023-09,Михайлов Андрей Сергеевич,Михайлов Андрей Сергеевич
668,2023-09,Попова Екатерина Николаевна,Попова Екатерина Николаевна
744,2023-09,Кузнецов Михаил Иванович,Кузнецов Михаил Иванович
801,2023-09,Попова Екатерина Николаевна,Попова Екатерина Николаевна
821,2023-09,Попова Екатерина Николаевна,Попова Екатерина Николаевна
921,2023-09,Смирнова Ольга Владимировна,Смирнова Ольга Владимировна
797,2023-09,Соколова Анастасия Викторовна,Соколова Анастасия Викторовна
798,2023-09,Соколова Анастасия Викторовна,Соколова Анастасия Викторовна
920,2023-09,Соколова Анастасия Викторовна,Соколова Анастасия Викторовна
888,2023-09,Соколова Анастасия Викторовна,Соколова Анастасия Викторовна
361,2023-09,Смирнова Ольга Владимировна,Попова Екатерина Николаевна
361,2023-09,Попова Екатерина Николаевна,Попова Екатерина Николаевна
912,2023-09,Смирнова Ольга Владимировна,Смирнова Ольга Владимировна
547,2023-09,Михайлов Андрей Сергеевич,Соколова Анастасия Викторовна
872,2023-09,Попова Екатерина Николаевна,Попова Екатерина Николаевна
969,2023-09,Попова Екатерина Николаевна,Попова Екатерина Николаевна
789,2023-09,Васильев Артем Александрович,Васильев Артем Александрович
783,2023-09,Соколова Анастасия Викторовна,Соколова Анастасия Викторовна
771,2023-09,Смирнова Ольга Владимировна,Смирнова Ольга Владимировна
859,2023-09,Смирнова Ольга Владимировна,Смирнова Ольга Владимировна
934,2023-09,Смирнова Ольга Владимировна,Смирнова Ольга Владимировна
960,2023-09,Соколова Анастасия Викторовна,Соколова Анастасия Викторовна
154,2023-09,Соколова Анастасия Викторовна,Соколова Анастасия Викторовна
914,2023-09,Соколова Анастасия Викторовна,Соколова Анастасия Викторовна
865,2023-09,Смирнова Ольга Владимировна,Смирнова Ольга Владимировна
874,2023-09,Соколова Анастасия Викторовна,Соколова Анастасия Викторовна
946,2023-09,Попова Екатерина Николаевна,Попова Екатерина Николаевна
831,2023-09,Иванова Мария Сергеевна,Иванова Мария Сергеевна
782,2023-09,Михайлов Андрей Сергеевич,Михайлов Андрей Сергеевич
933,2023-09,Михайлов Андрей Сергеевич,Михайлов Андрей Сергеевич
83,2023-10,Смирнова Ольга Владимировна,Смирнова Ольга Владимировна
460,2023-10,Смирнова Ольга Владимировна,Смирнова Ольга Владимировна
963,2023-10,Васильев Артем Александрович,Васильев Артем Александрович
748,2023-10,Васильев Артем Александрович,Васильев Артем Александрович
630,2023-10,Смирнова Ольга Владимировна,Смирнова Ольга Владимировна
841,2023-10,Кузнецов Михаил Иванович,Кузнецов Михаил Иванович
743,2023-10,Смирнова Ольга Владимировна,Смирнова Ольга Владимировна
822,2023-10,Васильев Артем Александрович,Васильев Артем Александрович
935,2023-10,Соколова Анастасия Викторовна,Соколова Анастасия Викторовна
768,2023-10,Смирнова Ольга Владимировна,Смирнова Ольга Владимировна
931,2023-10,Смирнова Ольга Владимировна,Смирнова Ольга Владимировна
940,2023-10,Смирнова Ольга Владимировна,Смирнова Ольга Владимировна
941,2023-10,Смирнова Ольга Владимировна,Смирнова Ольга Владимировна
707,2023-10,Соколова Анастасия Викторовна,Соколова Анастасия Викторовна
956,2023-10,Васильев Артем Александрович,Васильев Артем Александрович
852,2023-10,Васильев Артем Александрович,Васильев Артем Александрович
947,2023-10,Васильев Артем Александрович,Васильев Артем Александрович
977,2023-10,Кузнецов Михаил Иванович,Кузнецов Михаил Иванович
972,2023-10,Васильев Артем Александрович,Васильев Артем Александрович
943,2023-10,Смирнова Ольга Владимировна,Смирнова Ольга Владимировна
929,2023-10,Васильев Артем Александрович,Васильев Артем Александрович
914,2023-10,Соколова Анастасия Викторовна,Соколова Анастасия Викторовна
519,2023-10,Кузнецов Михаил Иванович,Кузнецов Михаил Иванович
932,2023-10,Смирнова Ольга Владимировна,Смирнова Ольга Владимировна
978,2023-11,Михайлов Андрей Сергеевич,Михайлов Андрей Сергеевич
793,2023-11,Кузнецов Михаил Иванович,Кузнецов Михаил Иванович
48,2023-11,Смирнова Ольга Владимировна,Смирнова Ольга Владимировна
107,2023-11,Кузнецов Михаил Иванович,Кузнецов Михаил Иванович
910,2023-11,Смирнова Ольга Владимировна,Смирнова Ольга Владимировна
690,2023-11,Смирнова Ольга Владимировна,Смирнова Ольга Владимировна
934,2023-11,Смирнова Ольга Владимировна,Смирнова Ольга Владимировна
712,2023-11,Смирнова Ольга Владимировна,Смирнова Ольга Владимировна
927,2023-11,Смирнова Ольга Владимировна,Смирнова Ольга Владимировна
817,2023-11,Попова Екатерина Николаевна,Попова Екатерина Николаевна
896,2023-11,Попова Екатерина Николаевна,Попова Екатерина Николаевна
797,2023-11,Соколова Анастасия Викторовна,Соколова Анастасия Викторовна
798,2023-11,Соколова Анастасия Викторовна,Соколова Анастасия Викторовна
888,2023-11,Соколова Анастасия Викторовна,Соколова Анастасия Викторовна
998,2023-11,Попова Екатерина Николаевна,Попова Екатерина Николаевна
932,2023-11,Смирнова Ольга Владимировна,Смирнова Ольга Владимировна
369,2023-11,Васильев Артем Александрович,Васильев Артем Александрович
244,2023-11,Васильев Артем Александрович,Васильев Артем Александрович
562,2023-11,Васильев Артем Александрович,Васильев Артем Александрович
886,2023-11,Васильев Артем Александрович,Васильев Артем Александрович
866,2023-11,Соколова Анастасия Викторовна,Соколова Анастасия Викторовна
997,2023-11,Соколова Анастасия Викторовна,Соколова Анастасия Викторовна
954,2023-11,Соколова Анастасия Викторовна,Соколова Анастасия Викторовна
873,2023-11,Попова Екатерина Николаевна,Попова Екатерина Николаевна
900,2023-11,Смирнова Ольга Владимировна,Смирнова Ольга Владимировна
273,2023-11,Соколова Анастасия Викторовна,Соколова Анастасия Викторовна
899,2023-11,Васильев Артем Александрович,Васильев Артем Александрович
1015,2023-11,Смирнова Ольга Владимировна,Смирнова Ольга Владимировна
940,2023-11,Смирнова Ольга Владимировна,Смирнова Ольга Владимировна
977,2023-11,Кузнецов Михаил Иванович,Кузнецов Михаил Иванович
630,2023-11,Смирнова Ольга Владимировна,Смирнова Ольга Владимировна
914,2023-11,Соколова Анастасия Викторовна,Соколова Анастасия Викторовна
976,2023-11,Соколова Анастасия Викторовна,Соколова Анастасия Викторовна
1012,2023-11,Петрова Анна Дмитриевна,Петрова Анна Дмитриевна
199,2023-11,Кузнецов Михаил Иванович,Кузнецов Михаил Иванович
519,2023-11,Кузнецов Михаил Иванович,Кузнецов Михаил Иванович
889,2023-11,Васильев Артем Александрович,Васильев Артем Александрович
956,2023-11,Васильев Артем Александрович,Васильев Артем Александрович
851,2023-11,Смирнова Ольга Владимировна,Смирнова Ольга Владимировна
1001,2023-11,Кузнецов Михаил Иванович,Кузнецов Михаил Иванович
448,2023-12,Кузнецов Михаил Иванович,Кузнецов Михаил Иванович
569,2023-12,Кузнецов Михаил Иванович,Кузнецов Михаил Иванович
597,2023-12,Васильев Артем Александрович,Васильев Артем Александрович
947,2023-12,Васильев Артем Александрович,Васильев Артем Александрович
708,2023-12,Васильев Артем Александрович,Васильев Артем Александрович
850,2023-12,Васильев Артем Александрович,Васильев Артем Александрович
958,2023-12,Федорова Марина Васильевна,Федорова Марина Васильевна
962,2023-12,Смирнова Ольга Владимировна,Смирнова Ольга Владимировна
39,2023-12,Попова Екатерина Николаевна,Попова Екатерина Николаевна
742,2023-12,Попова Екатерина Николаевна,Попова Екатерина Николаевна
772,2023-12,Попова Екатерина Николаевна,Попова Екатерина Николаевна
45,2023-12,Попова Екатерина Николаевна,Попова Екатерина Николаевна
46,2023-12,Смирнова Ольга Владимировна,Смирнова Ольга Владимировна
49,2023-12,Смирнова Ольга Владимировна,Смирнова Ольга Владимировна
54,2023-12,Смирнова Ольга Владимировна,Смирнова Ольга Владимировна
966,2023-12,Смирнова Ольга Владимировна,Смирнова Ольга Владимировна
975,2023-12,Смирнова Ольга Владимировна,Смирнова Ольга Владимировна
925,2023-12,Смирнова Ольга Владимировна,Смирнова Ольга Владимировна
783,2023-12,Соколова Анастасия Викторовна,Соколова Анастасия Викторовна
109,2023-12,Васильев Артем Александрович,Васильев Артем Александрович
748,2023-12,Васильев Артем Александрович,Васильев Артем Александрович
112,2023-12,Михайлов Андрей Сергеевич,Михайлов Андрей Сергеевич
656,2023-12,Смирнова Ольга Владимировна,Смирнова Ольга Владимировна
744,2023-12,Кузнецов Михаил Иванович,Кузнецов Михаил Иванович
801,2023-12,Попова Екатерина Николаевна,Попова Екатерина Николаевна
944,2023-12,Смирнова Ольга Владимировна,Смирнова Ольга Владимировна
887,2023-12,Попова Екатерина Николаевна,Попова Екатерина Николаевна
879,2023-12,Смирнова Ольга Владимировна,Смирнова Ольга Владимировна
818,2023-12,Попова Екатерина Николаевна,Попова Екатерина Николаевна
154,2023-12,Соколова Анастасия Викторовна,Соколова Анастасия Викторовна
751,2023-12,Васильев Артем Александрович,Васильев Артем Александрович
747,2023-12,Васильев Артем Александрович,Васильев Артем Александрович
746,2023-12,Васильев Артем Александрович,Васильев Артем Александрович
749,2023-12,Васильев Артем Александрович,Васильев Артем Александрович
722,2023-12,Попова Екатерина Николаевна,Попова Екатерина Николаевна
743,2023-12,Смирнова Ольга Владимировна,Смирнова Ольга Владимировна
915,2023-12,Попова Екатерина Николаевна,Попова Екатерина Николаевна
917,2023-12,Попова Екатерина Николаевна,Попова Екатерина Николаевна
918,2023-12,Попова Екатерина Николаевна,Попова Екатерина Николаевна
1006,2023-12,Смирнова Ольга Владимировна,Смирнова Ольга Владимировна
979,2023-12,Соколова Анастасия Викторовна,Соколова Анастасия Викторовна
190,2023-12,Васильев Артем Александрович,Васильев Артем Александрович
196,2023-12,Кузнецов Михаил Иванович,Кузнецов Михаил Иванович
645,2023-12,Кузнецов Михаил Иванович,Кузнецов Михаил Иванович
739,2023-12,Смирнова Ольга Владимировна,Смирнова Ольга Владимировна
673,2023-12,Попова Екатерина Николаевна,Попова Екатерина Николаевна
752,2023-12,Попова Екатерина Николаевна,Попова Екатерина Николаевна
791,2023-12,Васильев Артем Александрович,Васильев Артем Александрович
610,2023-12,Кузнецов Михаил Иванович,Кузнецов Михаил Иванович
629,2023-12,Кузнецов Михаил Иванович,Кузнецов Михаил Иванович
228,2023-12,Васильев Артем Александрович,Васильев Артем Александрович
890,2023-12,Васильев Артем Александрович,Васильев Артем Александрович
940,2023-12,Смирнова Ольга Владимировна,Смирнова Ольга Владимировна
941,2023-12,Смирнова Ольга Владимировна,Смирнова Ольга Владимировна
471,2023-12,Васильев Артем Александрович,Васильев Артем Александрович
547,2023-12,Соколова Анастасия Викторовна,Соколова Анастасия Викторовна
868,2023-12,Соколова Анастасия Викторовна,Соколова Анастасия Викторовна
682,2023-12,Васильев Артем Александрович,Васильев Артем Александрович
951,2023-12,Васильев Артем Александрович,Васильев Артем Александрович
777,2023-12,Соколова Анастасия Викторовна,Соколова Анастасия Викторовна
778,2023-12,Соколова Анастасия Викторовна,Соколова Анастасия Викторовна
804,2023-12,Кузнецов Михаил Иванович,Кузнецов Михаил Иванович
808,2023-12,Федорова Марина Васильевна,Федорова Марина Васильевна
350,2023-12,Смирнова Ольга Владимировна,Смирнова Ольга Владимировна
955,2023-12,Смирнова Ольга Владимировна,Смирнова Ольга Владимировна
1004,2023-12,без А/М,без А/М
281,2023-12,Соколова Анастасия Викторовна,Соколова Анастасия Викторовна
785,2023-12,Соколова Анастасия Викторовна,Соколова Анастасия Викторовна
913,2023-12,Смирнова Ольга Владимировна,Смирнова Ольга Владимировна
