id,month,AM,month_canon
42,ноябрь 2022,Васильев Артем Александрович,2022-11
453,ноябрь 2022,Васильев Артем Александрович,2022-11
548,ноябрь 2022,Михайлов Андрей Сергеевич,2022-11
87,ноябрь 2022,Соколова Анастасия Викторовна,2022-11
429,ноябрь 2022,Соколова Анастасия Викторовна,2022-11
600,ноябрь 2022,Васильев Артем Александрович,2022-11
657,ноябрь 2022,Васильев Артем Александрович,2022-11
594,ноябрь 2022,Васильев Артем Александрович,2022-11
665,ноябрь 2022,Васильев Артем Александрович,2022-11
586,ноябрь 2022,Иванова Мария Сергеевна,2022-11
637,ноябрь 2022,Соколова Анастасия Викторовна,2022-11
419,ноябрь 2022,Михайлов Андрей Сергеевич,2022-11
578,ноябрь 2022,Попова Екатерина Николаевна,2022-11
579,ноябрь 2022,Васильев Артем Александрович,2022-11
671,ноябрь 2022,Соколова Анастасия Викторовна,2022-11
633,ноябрь 2022,Васильев Артем Александрович,2022-11
645,ноябрь 2022,Соколова Анастасия Викторовна,2022-11
369,ноябрь 2022,Васильев Артем Александрович,2022-11
547,ноябрь 2022,Михайлов Андрей Сергеевич,2022-11
592,ноябрь 2022,Васильев Артем Александрович,2022-11
666,ноябрь 2022,Васильев Артем Александрович,2022-11
620,ноябрь 2022,Васильев Артем Александрович,2022-11
301,ноябрь 2022,Попова Екатерина Николаевна,2022-11
704,ноябрь 2022,Михайлов Андрей Сергеевич,2022-11
15,декабрь 2022,Иванова Мария Сергеевна,2022-12
16,декабрь 2022,Иванова Мария Сергеевна,2022-12
379,декабрь 2022,Иванова Мария Сергеевна,2022-12
31,декабрь 2022,Васильев Артем Александрович,2022-12
572,декабрь 2022,Васильев Артем Александрович,2022-12
573,декабрь 2022,Васильев Артем Александрович,2022-12
574,декабрь 2022,Васильев Артем Александрович,2022-12
575,декабрь 2022,Васильев Артем Александрович,2022-12
576,декабрь 2022,Васильев Артем Александрович,2022-12
448,декабрь 2022,Соколова Анастасия Викторовна,2022-12
492,декабрь 2022,Смирнова Ольга Владимировна,2022-12
597,декабрь 2022,Михайлов Андрей Сергеевич,2022-12
708,декабрь 2022,Васильев Артем Александрович,2022-12
719,декабрь 2022,Васильев Артем Александрович,2022-12
39,декабрь 2022,Иванова Мария Сергеевна,2022-12
328,декабрь 2022,Иванова Мария Сергеевна,2022-12
716,декабрь 2022,Соколова Анастасия Викторовна,2022-12
613,декабрь 2022,Васильев Артем Александрович,2022-12
615,декабрь 2022,Васильев Артем Александрович,2022-12
617,декабрь 2022,Васильев Артем Александрович,2022-12
643,декабрь 2022,Васильев Артем Александрович,2022-12
45,декабрь 2022,Попова Екатерина Николаевна,2022-12
318,декабрь 2022,Попова Екатерина Николаевна,2022-12
46,декабрь 2022,Васильев Артем Александрович,2022-12
49,декабрь 2022,Васильев Артем Александрович,2022-12
603,декабрь 2022,Михайлов Андрей Сергеевич,2022-12
441,декабрь 2022,Михайлов Андрей Сергеевич,2022-12
461,декабрь 2022,Иванова Мария Сергеевна,2022-12
717,декабрь 2022,Попова Екатерина Николаевна,2022-12
112,декабрь 2022,Иванова Мария Сергеевна,2022-12
630,декабрь 2022,Смирнова Ольга Владимировна,2022-12
154,декабрь 2022,Попова Екатерина Николаевна,2022-12
418,декабрь 2022,Михайлов Андрей Сергеевич,2022-12
456,декабрь 2022,Михайлов Андрей Сергеевич,2022-12
457,декабрь 2022,Михайлов Андрей Сергеевич,2022-12
454,декабрь 2022,Михайлов Андрей Сергеевич,2022-12
455,декабрь 2022,Михайлов Андрей Сергеевич,2022-12
693,декабрь 2022,Попова Екатерина Николаевна,2022-12
654,декабрь 2022,Соколова Анастасия Викторовна,2022-12
475,декабрь 2022,Соколова Анастасия Викторовна,2022-12
193,декабрь 2022,Иванова Мария Сергеевна,2022-12
390,декабрь 2022,Иванова Мария Сергеевна,2022-12
477,декабрь 2022,Иванова Мария Сергеевна,2022-12
478,декабрь 2022,Иванова Мария Сергеевна,2022-12
535,декабрь 2022,Иванова Мария Сергеевна,2022-12
709,декабрь 2022,Иванова Мария Сергеевна,2022-12
581,декабрь 2022,Иванова Мария Сергеевна,2022-12
623,декабрь 2022,Иванова Мария Сергеевна,2022-12
196,декабрь 2022,Соколова Анастасия Викторовна,2022-12
199,декабрь 2022,Соколова Анастасия Викторовна,2022-12
705,декабрь 2022,Смирнова Ольга Владимировна,2022-12
629,декабрь 2022,Кузнецов Михаил Иванович,2022-12
720,декабрь 2022,Васильев Артем Александрович,2022-12
228,декабрь 2022,Васильев Артем Александрович,2022-12
242,декабрь 2022,Соколова Анастасия Викторовна,2022-12
471,декабрь 2022,Васильев Артем Александрович,2022-12
596,декабрь 2022,Васильев Артем Александрович,2022-12
714,декабрь 2022,Попова Екатерина Николаевна,2022-12
266,декабрь 2022,Соколова Анастасия Викторовна,2022-12
498,декабрь 2022,Васильев Артем Александрович,2022-12
703,декабрь 2022,Васильев Артем Александрович,2022-12
524,декабрь 2022,Иванова Мария Сергеевна,2022-12
274,декабрь 2022,Соколова Анастасия Викторовна,2022-12
281,декабрь 2022,Михайлов Андрей Сергеевич,2022-12
583,декабрь 2022,Михайлов Андрей Сергеевич,2022-12
697,декабрь 2022,Васильев Артем Александрович,2022-12
626,декабрь 2022,Васильев Артем Александрович,2022-12
684,январь 2023,Васильев Артем Александрович,2023-01
708,январь 2023,Васильев Артем Александрович,2023-01
548,январь 2023,Михайлов Андрей Сергеевич,2023-01
493,январь 2023,Смирнова Ольга Владимировна,2023-01
674,январь 2023,Попова Екатерина Николаевна,2023-01
728,январь 2023,Попова Екатерина Николаевна,2023-01
624,январь 2023,Попова Екатерина Николаевна,2023-01
107,январь 2023,Васильев Артем Александрович,2023-01
721,январь 2023,Попова Екатерина Николаевна,2023-01
509,январь 2023,Соколова Анастасия Викторовна,2023-01
649,январь 2023,Соколова Анастасия Викторовна,2023-01
671,январь 2023,Соколова Анастасия Викторовна,2023-01
687,январь 2023,Соколова Анастасия Викторовна,2023-01
519,январь 2023,Соколова Анастасия Викторовна,2023-01
629,январь 2023,Кузнецов Михаил Иванович,2023-01
547,январь 2023,Михайлов Андрей Сергеевич,2023-01
230,январь 2023,Соколова Анастасия Викторовна,2023-01
703,январь 2023,Васильев Артем Александрович,2023-01
697,январь 2023,Васильев Артем Александрович,2023-01
732,январь 2023,Кузнецов Михаил Иванович,2023-01
529,февраль 2023,Васильев Артем Александрович,2023-02
348,февраль 2023,Попова Екатерина Николаевна,2023-02
453,февраль 2023,Васильев Артем Александрович,2023-02
429,февраль 2023,Соколова Анастасия Викторовна,2023-02
381,февраль 2023,Иванова Мария Сергеевна,2023-02
556,февраль 2023,Иванова Мария Сергеевна,2023-02
600,февраль 2023,Васильев Артем Александрович,2023-02
640,февраль 2023,Попова Екатерина Николаевна,2023-02
101,февраль 2023,Попова Екатерина Николаевна,2023-02
690,февраль 2023,Соколова Анастасия Викторовна,2023-02
653,февраль 2023,Васильев Артем Александрович,2023-02
744,февраль 2023,Васильев Артем Александрович,2023-02
154,февраль 2023,Попова Екатерина Николаевна,2023-02
174,февраль 2023,Иванова Мария Сергеевна,2023-02
667,февраль 2023,Васильев Артем Александрович,2023-02
180,февраль 2023,Попова Екатерина Николаевна,2023-02
633,февраль 2023,Васильев Артем Александрович,2023-02
190,февраль 2023,Васильев Артем Александрович,2023-02
714,февраль 2023,Попова Екатерина Николаевна,2023-02
301,февраль 2023,Попова Екатерина Николаевна,2023-02
691,февраль 2023,Соколова Анастасия Викторовна,2023-02
273,февраль 2023,Соколова Анастасия Викторовна,2023-02
15,февраль 2023,Иванова Мария Сергеевна,2023-02
649,февраль 2023,Соколова Анастасия Викторовна,2023-02
671,февраль 2023,Соколова Анастасия Викторовна,2023-02
629,февраль 2023,Васильев Артем Александрович,2023-02
785,февраль 2023,Михайлов Андрей Сергеевич,2023-02
732,февраль 2023,Кузнецов Михаил Иванович,2023-02
530,март 2023,Васильев Артем Александрович,2023-03
549,март 2023,Васильев Артем Александрович,2023-03
492,март 2023,Смирнова Ольга Владимировна,2023-03
686,март 2023,Васильев Артем Александрович,2023-03
726,март 2023,Попова Екатерина Николаевна,2023-03
56,март 2023,Васильев Артем Александрович,2023-03
783,март 2023,Михайлов Андрей Сергеевич,2023-03
728,март 2023,Попова Екатерина Николаевна,2023-03
112,март 2023,Иванова Мария Сергеевна,2023-03
744,март 2023,Васильев Артем Александрович,2023-03
667,март 2023,Васильев Артем Александрович,2023-03
692,март 2023,Попова Екатерина Николаевна,2023-03
647,март 2023,Попова Екатерина Николаевна,2023-03
683,март 2023,Соколова Анастасия Викторовна,2023-03
506,март 2023,Иванова Мария Сергеевна,2023-03
540,март 2023,Иванова Мария Сергеевна,2023-03
646,март 2023,Кузнецов Михаил Иванович,2023-03
768,март 2023,Смирнова Ольга Владимировна,2023-03
713,март 2023,Попова Екатерина Николаевна,2023-03
244,март 2023,Васильев Артем Александрович,2023-03
562,март 2023,Васильев Артем Александрович,2023-03
682,март 2023,Васильев Артем Александрович,2023-03
682,март 2023,Васильев Артем Александрович,2023-03
274,март 2023,Соколова Анастасия Викторовна,2023-03
697,март 2023,Васильев Артем Александрович,2023-03
697,март 2023,Васильев Артем Александрович,2023-03
580,март 2023,Михайлов Андрей Сергеевич,2023-03
15,март 2023,Иванова Мария Сергеевна,2023-03
789,март 2023,Васильев Артем Александрович,2023-03
797,март 2023,Соколова Анастасия Викторовна,2023-03
798,март 2023,Соколова Анастасия Викторовна,2023-03
799,март 2023,Попова Екатерина Николаевна,2023-03
800,март 2023,Попова Екатерина Николаевна,2023-03
708,апрель 2023,Васильев Артем Александрович,2023-04
48,апрель 2023,Васильев Артем Александрович,2023-04
495,апрель 2023,Васильев Артем Александрович,2023-04
787,апрель 2023,Васильев Артем Александрович,2023-04
675,апрель 2023,Попова Екатерина Николаевна,2023-04
154,апрель 2023,Попова Екатерина Николаевна,2023-04
663,апрель 2023,Васильев Артем Александрович,2023-04
743,апрель 2023,Попова Екатерина Николаевна,2023-04
781,апрель 2023,Михайлов Андрей Сергеевич,2023-04
782,апрель 2023,Михайлов Андрей Сергеевич,2023-04
740,апрель 2023,Соколова Анастасия Викторовна,2023-04
15,апрель 2023,Иванова Мария Сергеевна,2023-04
348,апрель 2023,Попова Екатерина Николаевна,2023-04
788,апрель 2023,Соколова Анастасия Викторовна,2023-04
600,апрель 2023,Васильев Артем Александрович,2023-04
600,апрель 2023,Васильев Артем Александрович,2023-04
728,апрель 2023,Попова Екатерина Николаевна,2023-04
712,апрель 2023,Попова Екатерина Николаевна,2023-04
798,апрель 2023,Соколова Анастасия Викторовна,2023-04
667,апрель 2023,Васильев Артем Александрович,2023-04
633,апрель 2023,Васильев Артем Александрович,2023-04
825,апрель 2023,Соколова Анастасия Викторовна,2023-04
361,апрель 2023,Попова Екатерина Николаевна,2023-04
244,апрель 2023,Васильев Артем Александрович,2023-04
562,апрель 2023,Васильев Артем Александрович,2023-04
547,апрель 2023,Михайлов Андрей Сергеевич,2023-04
804,апрель 2023,Попова Екатерина Николаевна,2023-04
838,апрель 2023,Васильев Артем Александрович,2023-04
771,май 2023,Васильев Артем Александрович,2023-05
107,май 2023,Васильев Артем Александрович,2023-05
690,май 2023,Смирнова Ольга Владимировна,2023-05
765,май 2023,Смирнова Ольга Владимировна,2023-05
294,май 2023,Смирнова Ольга Владимировна,2023-05
814,май 2023,Васильев Артем Александрович,2023-05
796,май 2023,Попова Екатерина Николаевна,2023-05
853,май 2023,Васильев Артем Александрович,2023-05
563,май 2023,Иванова Мария Сергеевна,2023-05
829,май 2023,Попова Екатерина Николаевна,2023-05
837,май 2023,Васильев Артем Александрович,2023-05
775,май 2023,Иванова Мария Сергеевна,2023-05
813,май 2023,Иванова Мария Сергеевна,2023-05
842,май 2023,Иванова Мария Сергеевна,2023-05
843,май 2023,Иванова Мария Сергеевна,2023-05
844,май 2023,Иванова Мария Сергеевна,2023-05
845,май 2023,Иванова Мария Сергеевна,2023-05
301,май 2023,Попова Екатерина Николаевна,2023-05
281,май 2023,Соколова Анастасия Викторовна,2023-05
855,май 2023,Соколова Анастасия Викторовна,2023-05
583,май 2023,Соколова Анастасия Викторовна,2023-05
585,май 2023,Михайлов Андрей Сергеевич,2023-05
15,июнь 2023,Иванова Мария Сергеевна,2023-06
569,июнь 2023,Иванова Мария Сергеевна,2023-06
719,июнь 2023,Васильев Артем Александрович,2023-06
711,июнь 2023,Васильев Артем Александрович,2023-06
832,июнь 2023,Васильев Артем Александрович,2023-06
55,июнь 2023,Иванова Мария Сергеевна,2023-06
783,июнь 2023,Соколова Анастасия Викторовна,2023-06
441,июнь 2023,Васильев Артем Александрович,2023-06
792,июнь 2023,Васильев Артем Александрович,2023-06
847,июнь 2023,Попова Екатерина Николаевна,2023-06
87,июнь 2023,Иванова Мария Сергеевна,2023-06
600,июнь 2023,Васильев Артем Александрович,2023-06
787,июнь 2023,Васильев Артем Александрович,2023-06
112,июнь 2023,Иванова Мария Сергеевна,2023-06
744,июнь 2023,Васильев Артем Александрович,2023-06
797,июнь 2023,Соколова Анастасия Викторовна,2023-06
798,июнь 2023,Соколова Анастасия Викторовна,2023-06
337,июнь 2023,Попова Екатерина Николаевна,2023-06
858,июнь 2023,Смирнова Ольга Владимировна,2023-06
633,июнь 2023,Васильев Артем Александрович,2023-06
768,июнь 2023,Смирнова Ольга Владимировна,2023-06
610,июнь 2023,Васильев Артем Александрович,2023-06
857,июнь 2023,Соколова Анастасия Викторовна,2023-06
869,июнь 2023,Михайлов Андрей Сергеевич,2023-06
807,июнь 2023,Попова Екатерина Николаевна,2023-06
884,июнь 2023,Иванова Мария Сергеевна,2023-06
691,июнь 2023,Соколова Анастасия Викторовна,2023-06
274,июнь 2023,Соколова Анастасия Викторовна,2023-06
806,июнь 2023,Соколова Анастасия Викторовна,2023-06
740,июнь 2023,Соколова Анастасия Викторовна,2023-06
871,июнь 2023,Попова Екатерина Николаевна,2023-06
789,июль 2023,Васильев Артем Александрович,2023-07
495,июль 2023,Иванова Мария Сергеевна,2023-07
553,июль 2023,Иванова Мария Сергеевна,2023-07
848,июль 2023,Соколова Анастасия Викторовна,2023-07
346,июль 2023,Иванова Мария Сергеевна,2023-07
630,июль 2023,Смирнова Ольга Владимировна,2023-07
586,июль 2023,Попова Екатерина Николаевна,2023-07
154,июль 2023,Иванова Мария Сергеевна,2023-07
743,июль 2023,Попова Екатерина Николаевна,2023-07
830,июль 2023,Иванова Мария Сергеевна,2023-07
727,июль 2023,Попова Екатерина Николаевна,2023-07
211,июль 2023,Васильев Артем Александрович,2023-07
808,июль 2023,Смирнова Ольга Владимировна,2023-07
823,июль 2023,Попова Екатерина Николаевна,2023-07
786,июль 2023,Васильев Артем Александрович,2023-07
851,июль 2023,Смирнова Ольга Владимировна,2023-07
891,июль 2023,Соколова Анастасия Викторовна,2023-07
904,июль 2023,Соколова Анастасия Викторовна,2023-07
633,июль 2023,Васильев Артем Александрович,2023-07
901,июль 2023,Васильев Артем Александрович,2023-07
907,июль 2023,без А/М,2023-07
897,июль 2023,Смирнова Ольга Владимировна,2023-07
274,июль 2023,Соколова Анастасия Викторовна,2023-07
580,август 2023,Соколова Анастасия Викторовна,2023-08
719,август 2023,Васильев Артем Александрович,2023-08
850,август 2023,Васильев Артем Александрович,2023-08
107,август 2023,Васильев Артем Александрович,2023-08
109,август 2023,Васильев Артем Александрович,2023-08
848,август 2023,Смирнова Ольга Владимировна,2023-08
337,август 2023,Попова Екатерина Николаевна,2023-08
180,август 2023,Попова Екатерина Николаевна,2023-08
865,август 2023,Смирнова Ольга Владимировна,2023-08
854,август 2023,Соколова Анастасия Викторовна,2023-08
874,август 2023,Соколова Анастасия Викторовна,2023-08
673,август 2023,Попова Екатерина Николаевна,2023-08
803,август 2023,Смирнова Ольга Владимировна,2023-08
648,август 2023,Соколова Анастасия Викторовна,2023-08
889,август 2023,Васильев Артем Александрович,2023-08
268,август 2023,Смирнова Ольга Владимировна,2023-08
274,август 2023,Соколова Анастасия Викторовна,2023-08
781,август 2023,Михайлов Андрей Сергеевич,2023-08
916,август 2023,Васильев Артем Александрович,2023-08
929,август 2023,Васильев Артем Александрович,2023-08
914,август 2023,Иванова Мария Сергеевна,2023-08
923,август 2023,Соколова Анастасия Викторовна,2023-08
633,август 2023,Васильев Артем Александрович,2023-08
713,август 2023,Иванова Мария Сергеевна,2023-08
829,август 2023,Попова Екатерина Николаевна,2023-08
846,август 2023,Иванова Мария Сергеевна,2023-08
348,сентябрь 2023,Попова Екатерина Николаевна,2023-09
492,сентябрь 2023,Смирнова Ольга Владимировна,2023-09
708,сентябрь 2023,Васильев Артем Александрович,2023-09
819,сентябрь 2023,Соколова Анастасия Викторовна,2023-09
726,сентябрь 2023,Попова Екатерина Николаевна,2023-09
792,сентябрь 2023,Васильев Артем Александрович,2023-09
898,сентябрь 2023,Смирнова Ольга Владимировна,2023-09
86,сентябрь 2023,Попова Екатерина Николаевна,2023-09
676,сентябрь 2023,Смирнова Ольга Владимировна,2023-09
876,сентябрь 2023,Васильев Артем Александрович,2023-09
877,сентябрь 2023,Васильев Артем Александрович,2023-09
878,сентябрь 2023,Васильев Артем Александрович,2023-09
112,сентябрь 2023,Михайлов Андрей Сергеевич,2023-09
668,сентябрь 2023,Попова Екатерина Николаевна,2023-09
744,сентябрь 2023,Кузнецов Михаил Иванович,2023-09
801,сентябрь 2023,Попова Екатерина Николаевна,2023-09
821,сентябрь 2023,Попова Екатерина Николаевна,2023-09
921,сентябрь 2023,Смирнова Ольга Владимировна,2023-09
797,сентябрь 2023,Соколова Анастасия Викторовна,2023-09
798,сентябрь 2023,Соколова Анастасия Викторовна,2023-09
920,сентябрь 2023,Соколова Анастасия Викторовна,2023-09
888,сентябрь 2023,Соколова Анастасия Викторовна,2023-09
361,сентябрь 2023,Смирнова Ольга Владимировна,2023-09
361,сентябрь 2023,Попова Екатерина Николаевна,2023-09
912,сентябрь 2023,Смирнова Ольга Владимировна,2023-09
547,сентябрь 2023,Михайлов Андрей Сергеевич,2023-09
872,сентябрь 2023,Попова Екатерина Николаевна,2023-09
969,сентябрь 2023,Попова Екатерина Николаевна,2023-09
789,сентябрь 2023,Васильев Артем Александрович,2023-09
783,сентябрь 2023,Соколова Анастасия Викторовна,2023-09
771,сентябрь 2023,Смирнова Ольга Владимировна,2023-09
859,сентябрь 2023,Смирнова Ольга Владимировна,2023-09
934,сентябрь 2023,Смирнова Ольга Владимировна,2023-09
960,сентябрь 2023,Соколова Анастасия Викторовна,2023-09
154,сентябрь 2023,Соколова Анастасия Викторовна,2023-09
914,сентябрь 2023,Соколова Анастасия Викторовна,2023-09
865,сентябрь 2023,Смирнова Ольга Владимировна,2023-09
874,сентябрь 2023,Соколова Анастасия Викторовна,2023-09
946,сентябрь 2023,Попова Екатерина Николаевна,2023-09
831,сентябрь 2023,Иванова Мария Сергеевна,2023-09
782,сентябрь 2023,Михайлов Андрей Сергеевич,2023-09
933,сентябрь 2023,Михайлов Андрей Сергеевич,2023-09
83,октябрь 2023,Смирнова Ольга Владимировна,2023-10
460,октябрь 2023,Смирнова Ольга Владимировна,2023-10
963,октябрь 2023,Васильев Артем Александрович,2023-10
748,октябрь 2023,Васильев Артем Александрович,2023-10
630,октябрь 2023,Смирнова Ольга Владимировна,2023-10
841,октябрь 2023,Кузнецов Михаил Иванович,2023-10
743,октябрь 2023,Смирнова Ольга Владимировна,2023-10
822,октябрь 2023,Васильев Артем Александрович,2023-10
935,октябрь 2023,Соколова Анастасия Викторовна,2023-10
768,октябрь 2023,Смирнова Ольга Владимировна,2023-10
931,октябрь 2023,Смирнова Ольга Владимировна,2023-10
940,октябрь 2023,Смирнова Ольга Владимировна,2023-10
941,октябрь 2023,Смирнова Ольга Владимировна,2023-10
707,октябрь 2023,Соколова Анастасия Викторовна,2023-10
956,октябрь 2023,Васильев Артем Александрович,2023-10
852,октябрь 2023,Васильев Артем Александрович,2023-10
947,октябрь 2023,Васильев Артем Александрович,2023-10
977,октябрь 2023,Кузнецов Михаил Иванович,2023-10
972,октябрь 2023,Васильев Артем Александрович,2023-10
943,октябрь 2023,Смирнова Ольга Владимировна,2023-10
929,октябрь 2023,Васильев Артем Александрович,2023-10
914,октябрь 2023,Соколова Анастасия Викторовна,2023-10
519,октябрь 2023,Кузнецов Михаил Иванович,2023-10
932,октябрь 2023,Смирнова Ольга Владимировна,2023-10
978,ноябрь 2023,Михайлов Андрей Сергеевич,2023-11
793,ноябрь 2023,Кузнецов Михаил Иванович,2023-11
48,ноябрь 2023,Смирнова Ольга Владимировна,2023-11
107,ноябрь 2023,Кузнецов Михаил Иванович,2023-11
910,ноябрь 2023,Смирнова Ольга Владимировна,2023-11
690,ноябрь 2023,Смирнова Ольга Владимировна,2023-11
934,ноябрь 2023,Смирнова Ольга Владимировна,2023-11
712,ноябрь 2023,Смирнова Ольга Владимировна,2023-11
927,ноябрь 2023,Смирнова Ольга Владимировна,2023-11
817,ноябрь 2023,Попова Екатерина Николаевна,2023-11
896,ноябрь 2023,Попова Екатерина Николаевна,2023-11
797,ноябрь 2023,Соколова Анастасия Викторовна,2023-11
798,ноябрь 2023,Соколова Анастасия Викторовна,2023-11
888,ноябрь 2023,Соколова Анастасия Викторовна,2023-11
998,ноябрь 2023,Попова Екатерина Николаевна,2023-11
932,ноябрь 2023,Смирнова Ольга Владимировна,2023-11
369,ноябрь 2023,Васильев Артем Александрович,2023-11
244,ноябрь 2023,Васильев Артем Александрович,2023-11
562,ноябрь 2023,Васильев Артем Александрович,2023-11
886,ноябрь 2023,Васильев Артем Александрович,2023-11
866,ноябрь 2023,Соколова Анастасия Викторовна,2023-11
997,ноябрь 2023,Соколова Анастасия Викторовна,2023-11
954,ноябрь 2023,Соколова Анастасия Викторовна,2023-11
873,ноябрь 2023,Попова Екатерина Николаевна,2023-11
900,ноябрь 2023,Смирнова Ольга Владимировна,2023-11
273,ноябрь 2023,Соколова Анастасия Викторовна,2023-11
899,ноябрь 2023,Васильев Артем Александрович,2023-11
1015,ноябрь 2023,Смирнова Ольга Владимировна,2023-11
940,ноябрь 2023,Смирнова Ольга Владимировна,2023-11
977,ноябрь 2023,Кузнецов Михаил Иванович,2023-11
630,ноябрь 2023,Смирнова Ольга Владимировна,2023-11
914,ноябрь 2023,Соколова Анастасия Викторовна,2023-11
976,ноябрь 2023,Соколова Анастасия Викторовна,2023-11
1012,ноябрь 2023,Петрова Анна Дмитриевна,2023-11
199,ноябрь 2023,Кузнецов Михаил Иванович,2023-11
519,ноябрь 2023,Кузнецов Михаил Иванович,2023-11
889,ноябрь 2023,Васильев Артем Александрович,2023-11
956,ноябрь 2023,Васильев Артем Александрович,2023-11
851,ноябрь 2023,Смирнова Ольга Владимировна,2023-11
1001,ноябрь 2023,Кузнецов Михаил Иванович,2023-11
448,декабрь 2023,Кузнецов Михаил Иванович,2023-12
569,декабрь 2023,Кузнецов Михаил Иванович,2023-12
597,декабрь 2023,Васильев Артем Александрович,2023-12
947,декабрь 2023,Васильев Артем Александрович,2023-12
708,декабрь 2023,Васильев Артем Александрович,2023-12
850,декабрь 2023,Васильев Артем Александрович,2023-12
958,декабрь 2023,Федорова Марина Васильевна,2023-12
962,декабрь 2023,Смирнова Ольга Владимировна,2023-12
39,декабрь 2023,Попова Екатерина Николаевна,2023-12
742,декабрь 2023,Попова Екатерина Николаевна,2023-12
772,декабрь 2023,Попова Екатерина Николаевна,2023-12
45,декабрь 2023,Попова Екатерина Николаевна,2023-12
46,декабрь 2023,Смирнова Ольга Владимировна,2023-12
49,декабрь 2023,Смирнова Ольга Владимировна,2023-12
54,декабрь 2023,Смирнова Ольга Владимировна,2023-12
966,декабрь 2023,Смирнова Ольга Владимировна,2023-12
975,декабрь 2023,Смирнова Ольга Владимировна,2023-12
925,декабрь 2023,Смирнова Ольга Владимировна,2023-12
783,декабрь 2023,Соколова Анастасия Викторовна,2023-12
109,декабрь 2023,Васильев Артем Александрович,2023-12
748,декабрь 2023,Васильев Артем Александрович,2023-12
112,декабрь 2023,Михайлов Андрей Сергеевич,2023-12
656,декабрь 2023,Смирнова Ольга Владимировна,2023-12
744,декабрь 2023,Кузнецов Михаил Иванович,2023-12
801,декабрь 2023,Попова Екатерина Николаевна,2023-12
944,декабрь 2023,Смирнова Ольга Владимировна,2023-12
887,декабрь 2023,Попова Екатерина Николаевна,2023-12
879,декабрь 2023,Смирнова Ольга Владимировна,2023-12
818,декабрь 2023,Попова Екатерина Николаевна,2023-12
154,декабрь 2023,Соколова Анастасия Викторовна,2023-12
751,декабрь 2023,Васильев Артем Александрович,2023-12
747,декабрь 2023,Васильев Артем Александрович,2023-12
746,декабрь 2023,Васильев Артем Александрович,2023-12
749,декабрь 2023,Васильев Артем Александрович,2023-12
722,декабрь 2023,Попова Екатерина Николаевна,2023-12
743,декабрь 2023,Смирнова Ольга Владимировна,2023-12
915,декабрь 2023,Попова Екатерина Николаевна,2023-12
917,декабрь 2023,Попова Екатерина Николаевна,2023-12
918,декабрь 2023,Попова Екатерина Николаевна,2023-12
1006,декабрь 2023,Смирнова Ольга Владимировна,2023-12
979,декабрь 2023,Соколова Анастасия Викторовна,2023-12
190,декабрь 2023,Васильев Артем Александрович,2023-12
196,декабрь 2023,Кузнецов Михаил Иванович,2023-12
645,декабрь 2023,Кузнецов Михаил Иванович,2023-12
739,декабрь 2023,Смирнова Ольга Владимировна,2023-12
673,декабрь 2023,Попова Екатерина Николаевна,2023-12
752,декабрь 2023,Попова Екатерина Николаевна,2023-12
791,декабрь 2023,Васильев Артем Александрович,2023-12
610,декабрь 2023,Кузнецов Михаил Иванович,2023-12
629,декабрь 2023,Кузнецов Михаил Иванович,2023-12
228,декабрь 2023,Васильев Артем Александрович,2023-12
890,декабрь 2023,Васильев Артем Александрович,2023-12
940,декабрь 2023,Смирнова Ольга Владимировна,2023-12
941,декабрь 2023,Смирнова Ольга Владимировна,2023-12
471,декабрь 2023,Васильев Артем Александрович,2023-12
547,декабрь 2023,Соколова Анастасия Викторовна,2023-12
868,декабрь 2023,Соколова Анастасия Викторовна,2023-12
682,декабрь 2023,Васильев Артем Александрович,2023-12
951,декабрь 2023,Васильев Артем Александрович,2023-12
777,декабрь 2023,Соколова Анастасия Викторовна,2023-12
778,декабрь 2023,Соколова Анастасия Викторовна,2023-12
804,декабрь 2023,Кузнецов Михаил Иванович,2023-12
808,декабрь 2023,Федорова Марина Васильевна,2023-12
350,декабрь 2023,Смирнова Ольга Владимировна,2023-12
955,декабрь 2023,Смирнова Ольга Владимировна,2023-12
1004,декабрь 2023,без А/М,2023-12
281,декабрь 2023,Соколова Анастасия Викторовна,2023-12
785,декабрь 2023,Соколова Анастасия Викторовна,2023-12
913,декабрь 2023,Смирнова Ольга Владимировна,2023-12
